sensor_id,timestamp,motion_detected,day_of_week
2,2025-03-30T14:35:47.478390,True,sunday
2,2025-03-30T14:35:48.479779,True,sunday
2,2025-03-30T14:35:50.480946,False,sunday
2,2025-03-30T14:35:51.481497,False,sunday
2,2025-03-30T14:35:52.482222,True,sunday
2,2025-03-30T14:35:53.482517,False,sunday
2,2025-03-30T14:35:54.483035,False,sunday
2,2025-03-30T14:35:55.483480,False,sunday
2,2025-03-30T14:35:56.484182,False,sunday
2,2025-03-30T14:35:57.484828,True,sunday
2,2025-03-30T14:35:58.485667,False,sunday
2,2025-03-30T14:35:59.486134,True,sunday
2,2025-03-30T14:36:00.486833,True,sunday
2,2025-03-30T14:36:01.487302,True,sunday
2,2025-03-30T14:36:02.487792,False,sunday
2,2025-03-30T14:36:03.488705,False,sunday
2,2025-03-30T14:36:04.489407,False,sunday
2,2025-03-30T14:36:05.490416,False,sunday
2,2025-03-30T14:36:06.491118,True,sunday
2,2025-03-30T14:36:07.491594,True,sunday
2,2025-03-30T14:36:08.492535,True,sunday
2,2025-03-30T14:36:09.493672,False,sunday
2,2025-03-30T14:36:10.494636,False,sunday
2,2025-03-30T14:36:11.495222,True,sunday
2,2025-03-30T14:36:12.495740,False,sunday
2,2025-03-30T14:36:13.496329,False,sunday
2,2025-03-30T14:36:14.497083,False,sunday
2,2025-03-30T14:36:15.497589,False,sunday
2,2025-03-30T14:36:16.498370,True,sunday
2,2025-03-30T14:36:17.499343,False,sunday
2,2025-03-30T14:36:19.500880,False,sunday
2,2025-03-30T14:36:20.501372,True,sunday
2,2025-03-30T14:36:21.501726,False,sunday
2,2025-03-30T14:36:22.502320,False,sunday
2,2025-03-30T14:36:23.502835,True,sunday
2,2025-03-30T14:36:24.503451,False,sunday
2,2025-03-30T14:36:25.504444,True,sunday
2,2025-03-30T14:36:26.505060,True,sunday
2,2025-03-30T14:36:27.505830,True,sunday
2,2025-03-30T14:36:28.506592,True,sunday
2,2025-03-30T14:36:29.507139,False,sunday
2,2025-03-30T14:36:30.507873,False,sunday
2,2025-03-30T14:36:31.509121,False,sunday
2,2025-03-30T14:36:32.509581,True,sunday
2,2025-03-30T14:36:34.511312,True,sunday
2,2025-03-30T14:36:35.511983,False,sunday
2,2025-03-30T14:36:37.513595,True,sunday
2,2025-03-30T14:36:38.514314,True,sunday
2,2025-03-30T14:36:39.514753,True,sunday
2,2025-03-30T14:36:40.515062,True,sunday
2,2025-03-30T14:36:41.515797,True,sunday
2,2025-03-30T14:36:42.516444,True,sunday
2,2025-03-30T14:36:43.516976,True,sunday
2,2025-03-30T14:36:44.517492,False,sunday
2,2025-03-30T14:36:45.518266,True,sunday
2,2025-03-30T14:36:46.519363,False,sunday
2,2025-03-30T14:36:48.520656,False,sunday
2,2025-03-30T14:36:49.521700,True,sunday
2,2025-03-30T14:36:50.522654,False,sunday
2,2025-03-30T14:36:51.523510,True,sunday
2,2025-03-30T14:36:52.523988,True,sunday
2,2025-03-30T14:36:53.524589,True,sunday
2,2025-03-30T14:36:54.525194,False,sunday
2,2025-03-30T14:36:55.525996,True,sunday
2,2025-03-30T14:36:56.526664,True,sunday
2,2025-03-30T14:36:57.527591,True,sunday
2,2025-03-30T14:36:58.528219,False,sunday
2,2025-03-30T14:36:59.528936,False,sunday
2,2025-03-30T14:37:00.529616,True,sunday
2,2025-03-30T14:37:01.530657,False,sunday
2,2025-03-30T14:37:02.531182,True,sunday
2,2025-03-30T14:37:03.532030,False,sunday
2,2025-03-30T14:37:04.532697,False,sunday
2,2025-03-30T14:37:05.533269,True,sunday
2,2025-03-30T14:37:06.534170,False,sunday
2,2025-03-30T14:37:07.534670,False,sunday
2,2025-03-30T14:37:08.534930,True,sunday
2,2025-03-30T14:37:09.535740,False,sunday
2,2025-03-30T14:37:10.536355,False,sunday
2,2025-03-30T14:37:11.537481,False,sunday
2,2025-03-30T14:37:12.538461,False,sunday
2,2025-03-30T14:37:13.538668,False,sunday
2,2025-03-30T14:37:14.539645,True,sunday
2,2025-03-30T14:37:15.540175,False,sunday
2,2025-03-30T14:37:16.540669,False,sunday
2,2025-03-30T14:37:17.541275,False,sunday
2,2025-03-30T14:37:18.541933,True,sunday
2,2025-03-30T14:37:19.542467,True,sunday
2,2025-03-30T14:37:20.543178,False,sunday
2,2025-03-30T14:37:22.544663,True,sunday
2,2025-03-30T14:37:23.545178,True,sunday
2,2025-03-30T14:37:24.545735,False,sunday
2,2025-03-30T14:37:25.546469,True,sunday
2,2025-03-30T14:37:26.547283,True,sunday
2,2025-03-30T14:37:27.548609,True,sunday
2,2025-03-30T14:37:28.548799,False,sunday
2,2025-03-30T14:37:29.549572,True,sunday
2,2025-03-30T14:37:30.550025,False,sunday
2,2025-03-30T14:37:32.551256,True,sunday
2,2025-03-30T14:37:33.552124,False,sunday
2,2025-03-30T14:37:34.552693,False,sunday
2,2025-03-30T14:37:36.554109,True,sunday
2,2025-03-30T14:37:37.554692,False,sunday
2,2025-03-30T14:37:38.555525,True,sunday
2,2025-03-30T14:37:39.555997,False,sunday
2,2025-03-30T14:37:40.556531,False,sunday
2,2025-03-30T14:37:41.557153,False,sunday
2,2025-03-30T14:37:43.559126,True,sunday
2,2025-03-30T14:37:44.560373,False,sunday
2,2025-03-30T14:37:45.561188,True,sunday
2,2025-03-30T14:37:46.562086,True,sunday
2,2025-03-30T14:37:47.563021,False,sunday
2,2025-03-30T14:37:48.563832,True,sunday
2,2025-03-30T14:37:50.565298,False,sunday
2,2025-03-30T14:37:53.567645,True,sunday
2,2025-03-30T14:37:54.568186,False,sunday
2,2025-03-30T14:37:55.569171,False,sunday
2,2025-03-30T14:37:56.569812,True,sunday
2,2025-03-30T14:37:57.570576,True,sunday
2,2025-03-30T14:37:59.571527,False,sunday
2,2025-03-30T14:38:00.572114,False,sunday
2,2025-03-30T14:38:01.572687,False,sunday
2,2025-03-30T14:38:02.573271,False,sunday
2,2025-03-30T14:38:03.573757,False,sunday
2,2025-03-30T14:38:04.574439,False,sunday
2,2025-03-30T14:38:05.575139,True,sunday
2,2025-03-30T14:38:06.575592,True,sunday
2,2025-03-30T14:38:07.576058,False,sunday
2,2025-03-30T14:38:08.576726,True,sunday
2,2025-03-30T14:38:09.577499,True,sunday
2,2025-03-30T14:38:10.578325,True,sunday
2,2025-03-30T14:38:11.579037,False,sunday
2,2025-03-30T14:38:12.579568,False,sunday
2,2025-03-30T14:38:13.580079,False,sunday
2,2025-03-30T14:38:14.580713,False,sunday
2,2025-03-30T14:38:15.581720,False,sunday
2,2025-03-30T14:38:16.582412,False,sunday
2,2025-03-30T14:38:17.582948,True,sunday
2,2025-03-30T14:38:18.583503,True,sunday
2,2025-03-30T14:38:19.584236,False,sunday
2,2025-03-30T14:38:20.585078,True,sunday
2,2025-03-30T14:38:21.585843,True,sunday
2,2025-03-30T14:38:22.586800,True,sunday
2,2025-03-30T14:38:23.587216,True,sunday
2,2025-03-30T14:38:24.587640,False,sunday
2,2025-03-30T14:38:26.588868,False,sunday
2,2025-03-30T14:38:27.589533,True,sunday
2,2025-03-30T14:38:28.590417,False,sunday
2,2025-03-30T14:38:29.590988,False,sunday
2,2025-03-30T14:38:30.591914,False,sunday
2,2025-03-30T14:38:31.592224,True,sunday
2,2025-03-30T14:38:32.592828,False,sunday
2,2025-03-30T14:38:33.593743,True,sunday
2,2025-03-30T14:38:34.594256,False,sunday
2,2025-03-30T14:38:35.595196,True,sunday
2,2025-03-30T14:38:36.595963,False,sunday
2,2025-03-30T14:38:37.596784,False,sunday
2,2025-03-30T14:38:38.597235,True,sunday
2,2025-03-30T14:38:40.598041,True,sunday
2,2025-03-30T14:38:41.598780,True,sunday
2,2025-03-30T14:38:42.599902,True,sunday
2,2025-03-30T14:38:43.600556,True,sunday
2,2025-03-30T14:38:44.601295,False,sunday
2,2025-03-30T14:38:45.602143,True,sunday
2,2025-03-30T14:38:46.602696,True,sunday
2,2025-03-30T14:38:47.603638,True,sunday
2,2025-03-30T14:38:48.604378,True,sunday
2,2025-03-30T14:38:49.605067,True,sunday
2,2025-03-30T14:38:50.605853,False,sunday
2,2025-03-30T14:38:51.606861,True,sunday
2,2025-03-30T14:38:52.607730,False,sunday
2,2025-03-30T14:38:53.608621,True,sunday
2,2025-03-30T14:38:54.609120,False,sunday
2,2025-03-30T14:38:56.610575,True,sunday
2,2025-03-30T14:38:59.612560,True,sunday
2,2025-03-30T14:39:00.613323,False,sunday
2,2025-03-30T14:39:01.614473,True,sunday
2,2025-03-30T14:39:02.614879,False,sunday
2,2025-03-30T14:39:04.616397,True,sunday
2,2025-03-30T14:39:05.616953,True,sunday
2,2025-03-30T14:39:06.617943,True,sunday
2,2025-03-30T14:39:07.618738,False,sunday
2,2025-03-30T14:39:08.619546,True,sunday
2,2025-03-30T14:39:09.620787,False,sunday
2,2025-03-30T14:39:10.621197,False,sunday
2,2025-03-30T14:39:11.621950,True,sunday
2,2025-03-30T14:39:12.622413,False,sunday
2,2025-03-30T14:39:14.623995,False,sunday
2,2025-03-30T14:39:15.624517,True,sunday
2,2025-03-30T14:39:16.625105,False,sunday
2,2025-03-30T14:39:17.625715,True,sunday
2,2025-03-30T14:39:18.626585,False,sunday
2,2025-03-30T14:39:19.627277,False,sunday
2,2025-03-30T14:39:20.627804,True,sunday
2,2025-03-30T14:39:21.628527,False,sunday
2,2025-03-30T14:39:22.629243,False,sunday
2,2025-03-30T14:39:23.630214,True,sunday
2,2025-03-30T14:39:24.630781,False,sunday
2,2025-03-30T14:39:25.631454,True,sunday
2,2025-03-30T14:39:26.632320,True,sunday
2,2025-03-30T14:39:27.633192,False,sunday
2,2025-03-30T14:39:28.634184,False,sunday
2,2025-03-30T14:39:29.634816,True,sunday
2,2025-03-30T14:39:30.635799,False,sunday
2,2025-03-30T14:39:31.636562,True,sunday
2,2025-03-30T14:39:33.637928,False,sunday
2,2025-03-30T14:39:34.638862,True,sunday
2,2025-03-30T14:39:35.639546,False,sunday
2,2025-03-30T14:39:36.640483,True,sunday
2,2025-03-30T14:39:37.641161,False,sunday
2,2025-03-30T14:39:38.641968,False,sunday
2,2025-03-30T14:39:39.643009,False,sunday
2,2025-03-30T14:39:40.643633,True,sunday
2,2025-03-30T14:39:42.645342,True,sunday
2,2025-03-30T14:39:43.646008,True,sunday
2,2025-03-30T14:39:44.646982,False,sunday
2,2025-03-30T14:39:45.647506,True,sunday
2,2025-03-30T14:39:46.648202,True,sunday
2,2025-03-30T14:39:47.648668,True,sunday
2,2025-03-30T14:39:48.649501,True,sunday
2,2025-03-30T14:39:50.651337,True,sunday
2,2025-03-30T14:39:51.652229,True,sunday
2,2025-03-30T14:39:52.653125,False,sunday
2,2025-03-30T14:39:53.653857,False,sunday
2,2025-03-30T14:39:56.656310,False,sunday
2,2025-03-30T14:39:57.657709,False,sunday
2,2025-03-30T14:39:58.658267,True,sunday
2,2025-03-30T14:39:59.658765,False,sunday
2,2025-03-30T14:40:00.659723,True,sunday
2,2025-03-30T14:40:01.660425,True,sunday
2,2025-03-30T14:40:02.661314,True,sunday
2,2025-03-30T14:40:03.662368,True,sunday
2,2025-03-30T14:40:05.663865,True,sunday
2,2025-03-30T14:40:06.664396,True,sunday
2,2025-03-30T14:40:07.664999,True,sunday
2,2025-03-30T14:40:10.666986,False,sunday
2,2025-03-30T14:40:11.667915,False,sunday
2,2025-03-30T14:40:12.668448,False,sunday
2,2025-03-30T14:40:13.669250,False,sunday
2,2025-03-30T14:40:14.670035,False,sunday
2,2025-03-30T14:40:15.670543,False,sunday
2,2025-03-30T14:40:16.671505,False,sunday
2,2025-03-30T14:40:18.673380,False,sunday
2,2025-03-30T14:40:19.674117,True,sunday
2,2025-03-30T14:40:20.674819,True,sunday
2,2025-03-30T14:40:21.675471,True,sunday
2,2025-03-30T14:40:22.676251,False,sunday
2,2025-03-30T14:40:23.677142,False,sunday
2,2025-03-30T14:40:24.678107,True,sunday
2,2025-03-30T14:40:25.679131,False,sunday
2,2025-03-30T14:40:26.679994,False,sunday
2,2025-03-30T14:40:27.680580,True,sunday
2,2025-03-30T14:40:28.681245,True,sunday
2,2025-03-30T14:40:29.681987,False,sunday
2,2025-03-30T14:40:30.682567,True,sunday
2,2025-03-30T14:40:31.683441,True,sunday
2,2025-03-30T14:40:32.684379,True,sunday
2,2025-03-30T14:40:33.685352,True,sunday
2,2025-03-30T14:40:34.685995,False,sunday
2,2025-03-30T14:40:35.686702,False,sunday
2,2025-03-30T14:40:37.688419,False,sunday
2,2025-03-30T14:40:38.689094,True,sunday
2,2025-03-30T14:40:39.689751,True,sunday
2,2025-03-30T14:40:40.690387,True,sunday
2,2025-03-30T14:40:41.690948,True,sunday
2,2025-03-30T14:40:42.691960,True,sunday
2,2025-03-30T14:40:43.692585,False,sunday
2,2025-03-30T14:40:44.693108,False,sunday
2,2025-03-30T14:40:45.694312,True,sunday
2,2025-03-30T14:40:46.694822,False,sunday
2,2025-03-30T14:40:47.695546,True,sunday
2,2025-03-30T14:40:48.696470,False,sunday
2,2025-03-30T14:40:49.697045,False,sunday
2,2025-03-30T14:40:50.697571,False,sunday
2,2025-03-30T14:40:51.698245,True,sunday
2,2025-03-30T14:40:52.699129,False,sunday
2,2025-03-30T14:40:53.699682,False,sunday
2,2025-03-30T14:40:54.700752,False,sunday
2,2025-03-30T14:40:55.701485,True,sunday
2,2025-03-30T14:40:56.702237,True,sunday
2,2025-03-30T14:40:57.703151,True,sunday
2,2025-03-30T14:40:58.703937,True,sunday
2,2025-03-30T14:40:59.704408,False,sunday
2,2025-03-30T14:41:00.705049,False,sunday
2,2025-03-30T14:41:01.705858,False,sunday
2,2025-03-30T14:41:02.706315,True,sunday
2,2025-03-30T14:41:03.706668,True,sunday
2,2025-03-30T14:41:04.707287,False,sunday
2,2025-03-30T14:41:05.707896,False,sunday
2,2025-03-30T14:41:06.708899,True,sunday
2,2025-03-30T14:41:07.709797,True,sunday
2,2025-03-30T14:41:09.711636,False,sunday
2,2025-03-30T14:41:10.712352,True,sunday
2,2025-03-30T14:41:11.713218,True,sunday
2,2025-03-30T14:41:12.714072,True,sunday
2,2025-03-30T14:41:14.715735,True,sunday
2,2025-03-30T14:41:16.717205,True,sunday
2,2025-03-30T14:41:17.717664,True,sunday
2,2025-03-30T14:41:19.719458,True,sunday
2,2025-03-30T14:41:21.721097,False,sunday
2,2025-03-30T14:41:22.721832,False,sunday
2,2025-03-30T14:41:23.722498,False,sunday
2,2025-03-30T14:41:24.723425,False,sunday
2,2025-03-30T14:41:25.724227,True,sunday
2,2025-03-30T14:41:26.724744,False,sunday
2,2025-03-30T14:41:27.725657,True,sunday
2,2025-03-30T14:41:29.727050,True,sunday
2,2025-03-30T14:41:30.727567,False,sunday
2,2025-03-30T14:41:31.728466,True,sunday
2,2025-03-30T14:41:32.728834,False,sunday
2,2025-03-30T14:41:33.729915,True,sunday
2,2025-03-30T14:41:34.730168,False,sunday
2,2025-03-30T14:41:35.730837,False,sunday
2,2025-03-30T14:41:36.731412,True,sunday
2,2025-03-30T14:41:37.732197,False,sunday
2,2025-03-30T14:41:38.732854,True,sunday
2,2025-03-30T14:41:39.733758,False,sunday
2,2025-03-30T14:41:40.734260,False,sunday
2,2025-03-30T14:41:43.736354,False,sunday
2,2025-03-30T14:41:44.737330,True,sunday
2,2025-03-30T14:41:45.737627,True,sunday
2,2025-03-30T14:41:46.738199,True,sunday
2,2025-03-30T14:41:47.738834,False,sunday
2,2025-03-30T14:41:48.739345,False,sunday
2,2025-03-30T14:41:49.740045,False,sunday
2,2025-03-30T14:41:50.740756,True,sunday
2,2025-03-30T14:41:51.741477,True,sunday
2,2025-03-30T14:41:52.742097,True,sunday
2,2025-03-30T14:41:53.743040,False,sunday
2,2025-03-30T14:41:54.743760,True,sunday
2,2025-03-30T14:41:55.744235,True,sunday
2,2025-03-30T14:41:56.744944,True,sunday
2,2025-03-30T14:41:57.745612,False,sunday
2,2025-03-30T14:41:58.746445,False,sunday
2,2025-03-30T14:41:59.747631,True,sunday
2,2025-03-30T14:42:00.748905,False,sunday
2,2025-03-30T14:42:01.749906,True,sunday
2,2025-03-30T14:42:02.750342,True,sunday
2,2025-03-30T14:42:03.751142,True,sunday
2,2025-03-30T14:42:04.752226,False,sunday
2,2025-03-30T14:42:05.753059,False,sunday
2,2025-03-30T14:42:06.753691,True,sunday
2,2025-03-30T14:42:07.754490,False,sunday
2,2025-03-30T14:42:08.755419,False,sunday
2,2025-03-30T14:42:09.756404,False,sunday
2,2025-03-30T14:42:10.758030,True,sunday
2,2025-03-30T14:42:11.758696,False,sunday
2,2025-03-30T14:42:12.759438,False,sunday
2,2025-03-30T14:42:13.760206,False,sunday
2,2025-03-30T14:42:14.761116,False,sunday
2,2025-03-30T14:42:16.762252,True,sunday
2,2025-03-30T14:42:17.763154,True,sunday
2,2025-03-30T14:42:18.764615,True,sunday
2,2025-03-30T14:42:19.765190,False,sunday
2,2025-03-30T14:42:20.766206,True,sunday
2,2025-03-30T14:42:21.767147,False,sunday
2,2025-03-30T14:42:22.768009,True,sunday
2,2025-03-30T14:42:23.768483,True,sunday
2,2025-03-30T14:42:24.769378,False,sunday
2,2025-03-30T14:42:25.769953,True,sunday
2,2025-03-30T14:42:26.770405,False,sunday
2,2025-03-30T14:42:27.771395,False,sunday
2,2025-03-30T14:42:28.771998,True,sunday
2,2025-03-30T14:42:29.772876,False,sunday
2,2025-03-30T14:42:31.773752,False,sunday
2,2025-03-30T14:42:33.775378,False,sunday
2,2025-03-30T14:42:34.775940,True,sunday
2,2025-03-30T14:42:35.776677,False,sunday
2,2025-03-30T14:42:36.777494,True,sunday
2,2025-03-30T14:42:37.778050,True,sunday
2,2025-03-30T14:42:38.778426,False,sunday
2,2025-03-30T14:42:39.779406,False,sunday
2,2025-03-30T14:42:40.780394,True,sunday
2,2025-03-30T14:42:42.781715,False,sunday
2,2025-03-30T14:42:43.782427,True,sunday
2,2025-03-30T14:42:44.783130,True,sunday
2,2025-03-30T14:42:45.784122,False,sunday
2,2025-03-30T14:42:46.785056,False,sunday
2,2025-03-30T14:42:47.785794,True,sunday
2,2025-03-30T14:42:48.786429,False,sunday
2,2025-03-30T14:42:49.787058,False,sunday
2,2025-03-30T14:42:51.788911,False,sunday
2,2025-03-30T14:42:52.789762,True,sunday
2,2025-03-30T14:42:53.790207,False,sunday
2,2025-03-30T14:42:54.790874,False,sunday
2,2025-03-30T14:42:55.791822,False,sunday
2,2025-03-30T14:42:56.792342,False,sunday
2,2025-03-30T14:42:57.793038,False,sunday
2,2025-03-30T14:42:58.793666,False,sunday
2,2025-03-30T14:42:59.794365,False,sunday
2,2025-03-30T14:43:00.794910,False,sunday
2,2025-03-30T14:43:02.796447,False,sunday
2,2025-03-30T14:43:03.796902,True,sunday
2,2025-03-30T14:43:04.797525,False,sunday
2,2025-03-30T14:43:05.798223,False,sunday
2,2025-03-30T14:43:06.798664,True,sunday
2,2025-03-30T14:43:07.800008,True,sunday
2,2025-03-30T14:43:08.800749,True,sunday
2,2025-03-30T14:43:09.801295,True,sunday
2,2025-03-30T14:43:10.802250,False,sunday
2,2025-03-30T14:43:11.802733,True,sunday
2,2025-03-30T14:43:12.803470,False,sunday
2,2025-03-30T14:43:13.803849,True,sunday
2,2025-03-30T14:43:15.804995,True,sunday
2,2025-03-30T14:43:16.805551,False,sunday
2,2025-03-30T14:43:17.806590,False,sunday
2,2025-03-30T14:43:18.808176,True,sunday
2,2025-03-30T14:43:19.808616,False,sunday
2,2025-03-30T14:43:22.811430,True,sunday
2,2025-03-30T14:43:23.812306,False,sunday
2,2025-03-30T14:43:24.812991,True,sunday
2,2025-03-30T14:43:25.813788,False,sunday
2,2025-03-30T14:43:27.815478,False,sunday
2,2025-03-30T14:43:29.817137,True,sunday
2,2025-03-30T14:43:30.817855,True,sunday
2,2025-03-30T14:43:31.818386,False,sunday
2,2025-03-30T14:43:32.819091,False,sunday
2,2025-03-30T14:43:33.819980,False,sunday
2,2025-03-30T14:43:34.820969,True,sunday
2,2025-03-30T14:43:36.822783,True,sunday
2,2025-03-30T14:43:38.824535,False,sunday
2,2025-03-30T14:43:39.825216,True,sunday
2,2025-03-30T14:43:40.825731,False,sunday
2,2025-03-30T14:43:41.826881,True,sunday
2,2025-03-30T14:43:42.827547,True,sunday
2,2025-03-30T14:43:43.828120,True,sunday
2,2025-03-30T14:43:45.830080,True,sunday
2,2025-03-30T14:43:46.831142,True,sunday
2,2025-03-30T14:43:47.832184,False,sunday
2,2025-03-30T14:43:48.832962,True,sunday
2,2025-03-30T14:43:49.833601,False,sunday
2,2025-03-30T14:43:50.834369,False,sunday
2,2025-03-30T14:43:51.834834,False,sunday
2,2025-03-30T14:43:52.835475,True,sunday
2,2025-03-30T14:43:53.836479,True,sunday
2,2025-03-30T14:43:54.836903,False,sunday
2,2025-03-30T14:43:55.837870,False,sunday
2,2025-03-30T14:43:56.838460,False,sunday
2,2025-03-30T14:43:57.839255,False,sunday
2,2025-03-30T14:43:58.839798,True,sunday
2,2025-03-30T14:43:59.840467,True,sunday
2,2025-03-30T14:44:00.841064,False,sunday
2,2025-03-30T14:44:01.841762,False,sunday
2,2025-03-30T14:44:02.842444,False,sunday
2,2025-03-30T14:44:03.843137,True,sunday
2,2025-03-30T14:44:04.843552,False,sunday
2,2025-03-30T14:44:06.844966,True,sunday
2,2025-03-30T14:44:07.845442,True,sunday
2,2025-03-30T14:44:08.845984,False,sunday
2,2025-03-30T14:44:09.846513,True,sunday
2,2025-03-30T14:44:10.847165,True,sunday
2,2025-03-30T14:44:11.847761,True,sunday
2,2025-03-30T14:44:12.848677,True,sunday
2,2025-03-30T14:44:13.849472,True,sunday
2,2025-03-30T14:44:14.850034,True,sunday
2,2025-03-30T14:44:15.850806,True,sunday
2,2025-03-30T14:44:16.851376,True,sunday
2,2025-03-30T14:44:17.851880,False,sunday
2,2025-03-30T14:44:18.852346,True,sunday
2,2025-03-30T14:44:19.852941,False,sunday
2,2025-03-30T14:44:20.853502,False,sunday
2,2025-03-30T14:44:21.853974,False,sunday
2,2025-03-30T14:44:22.855110,True,sunday
2,2025-03-30T14:44:23.855596,True,sunday
2,2025-03-30T14:44:24.856616,False,sunday
2,2025-03-30T14:44:25.857080,False,sunday
2,2025-03-30T14:44:26.857991,True,sunday
2,2025-03-30T14:44:27.858790,True,sunday
2,2025-03-30T14:44:28.859494,False,sunday
2,2025-03-30T14:44:29.860362,True,sunday
2,2025-03-30T14:44:30.861016,True,sunday
2,2025-03-30T14:44:32.862585,True,sunday
2,2025-03-30T14:44:33.863563,True,sunday
2,2025-03-30T14:44:34.864544,False,sunday
2,2025-03-30T14:44:35.865113,True,sunday
2,2025-03-30T14:44:36.865963,False,sunday
2,2025-03-30T14:44:37.866992,True,sunday
2,2025-03-30T14:44:38.868217,True,sunday
2,2025-03-30T14:44:39.868864,False,sunday
2,2025-03-30T14:44:40.869774,False,sunday
2,2025-03-30T14:44:41.870258,True,sunday
2,2025-03-30T14:44:42.870975,True,sunday
2,2025-03-30T14:44:43.872109,False,sunday
2,2025-03-30T14:44:44.872945,True,sunday
2,2025-03-30T14:44:45.873632,False,sunday
2,2025-03-30T14:44:46.874219,False,sunday
2,2025-03-30T14:44:47.875391,True,sunday
2,2025-03-30T14:44:48.876251,True,sunday
2,2025-03-30T14:44:49.876839,True,sunday
2,2025-03-30T14:44:50.877318,False,sunday
2,2025-03-30T14:44:51.878148,False,sunday
2,2025-03-30T14:44:52.879005,True,sunday
2,2025-03-30T14:44:53.879937,True,sunday
2,2025-03-30T14:44:55.881203,True,sunday
2,2025-03-30T14:44:57.882633,False,sunday
2,2025-03-30T14:44:58.883170,False,sunday
2,2025-03-30T14:44:59.884359,True,sunday
2,2025-03-30T14:45:00.884913,True,sunday
2,2025-03-30T14:45:01.885385,True,sunday
2,2025-03-30T14:45:02.886276,False,sunday
2,2025-03-30T14:45:03.887206,False,sunday
2,2025-03-30T14:45:04.887880,True,sunday
2,2025-03-30T14:45:05.889005,False,sunday
2,2025-03-30T14:45:06.889454,True,sunday
2,2025-03-30T14:45:07.889969,True,sunday
2,2025-03-30T14:45:08.890702,False,sunday
2,2025-03-30T14:45:09.891506,False,sunday
2,2025-03-30T14:45:10.892312,False,sunday
2,2025-03-30T14:45:11.893378,True,sunday
2,2025-03-30T14:45:12.894421,True,sunday
2,2025-03-30T14:45:13.894903,True,sunday
2,2025-03-30T14:45:14.895369,False,sunday
2,2025-03-30T14:45:15.895600,False,sunday
2,2025-03-30T14:45:16.896247,False,sunday
2,2025-03-30T14:45:17.897143,True,sunday
2,2025-03-30T14:45:18.897821,True,sunday
2,2025-03-30T14:45:19.898693,True,sunday
2,2025-03-30T14:45:20.899489,False,sunday
2,2025-03-30T14:45:21.900389,False,sunday
2,2025-03-30T14:45:23.901998,False,sunday
2,2025-03-30T14:45:24.902667,True,sunday
2,2025-03-30T14:45:25.903576,False,sunday
2,2025-03-30T14:45:26.904039,True,sunday
2,2025-03-30T14:45:27.904815,True,sunday
2,2025-03-30T14:45:28.905300,True,sunday
2,2025-03-30T14:45:29.905800,True,sunday
2,2025-03-30T14:45:30.906793,True,sunday
2,2025-03-30T14:45:31.907269,True,sunday
2,2025-03-30T14:45:32.907756,True,sunday
2,2025-03-30T14:45:33.908411,False,sunday
2,2025-03-30T14:45:35.909560,False,sunday
2,2025-03-30T14:45:37.911276,True,sunday
2,2025-03-30T14:45:38.911934,True,sunday
2,2025-03-30T14:45:39.912630,False,sunday
2,2025-03-30T14:45:40.913264,True,sunday
2,2025-03-30T14:45:41.914341,False,sunday
2,2025-03-30T14:45:42.914651,False,sunday
2,2025-03-30T14:45:43.915701,False,sunday
2,2025-03-30T14:45:44.916304,False,sunday
2,2025-03-30T14:45:45.917030,True,sunday
2,2025-03-30T14:45:46.917441,False,sunday
2,2025-03-30T14:45:47.918184,True,sunday
2,2025-03-30T14:45:48.919231,True,sunday
2,2025-03-30T14:45:49.919778,False,sunday
2,2025-03-30T14:45:50.920826,True,sunday
2,2025-03-30T14:45:51.921556,False,sunday
2,2025-03-30T14:45:52.922008,False,sunday
2,2025-03-30T14:45:53.922940,True,sunday
2,2025-03-30T14:45:54.923518,True,sunday
2,2025-03-30T14:45:55.924336,True,sunday
2,2025-03-30T14:45:56.925058,False,sunday
2,2025-03-30T14:45:57.926217,False,sunday
2,2025-03-30T14:45:58.927416,True,sunday
2,2025-03-30T14:45:59.928056,False,sunday
2,2025-03-30T14:46:00.928724,False,sunday
2,2025-03-30T14:46:01.929739,False,sunday
2,2025-03-30T14:46:02.930669,True,sunday
2,2025-03-30T14:46:03.931381,True,sunday
2,2025-03-30T14:46:04.932255,True,sunday
2,2025-03-30T14:46:05.932827,False,sunday
2,2025-03-30T14:46:06.933749,True,sunday
2,2025-03-30T14:46:07.934391,False,sunday
2,2025-03-30T14:46:08.935758,True,sunday
2,2025-03-30T14:46:09.936877,True,sunday
2,2025-03-30T14:46:10.937757,True,sunday
2,2025-03-30T14:46:11.938233,False,sunday
2,2025-03-30T14:46:12.938930,False,sunday
2,2025-03-30T14:46:13.939917,True,sunday
2,2025-03-30T14:46:14.940816,True,sunday
2,2025-03-30T14:46:15.941811,True,sunday
2,2025-03-30T14:46:16.942830,False,sunday
2,2025-03-30T14:46:17.944066,True,sunday
2,2025-03-30T14:46:18.945202,True,sunday
2,2025-03-30T14:46:19.945944,True,sunday
2,2025-03-30T14:46:20.946738,True,sunday
2,2025-03-30T14:46:21.947193,False,sunday
2,2025-03-30T14:46:22.948096,False,sunday
2,2025-03-30T14:46:23.949090,True,sunday
2,2025-03-30T14:46:24.949960,True,sunday
2,2025-03-30T14:46:25.950768,True,sunday
2,2025-03-30T14:46:26.951258,True,sunday
2,2025-03-30T14:46:27.951735,True,sunday
2,2025-03-30T14:46:28.952432,False,sunday
2,2025-03-30T14:46:29.953224,False,sunday
2,2025-03-30T14:46:30.953876,True,sunday
2,2025-03-30T14:46:31.954621,False,sunday
2,2025-03-30T14:46:32.955074,False,sunday
2,2025-03-30T14:46:33.956173,False,sunday
2,2025-03-30T14:46:35.957595,True,sunday
2,2025-03-30T14:46:36.957995,True,sunday
2,2025-03-30T14:46:37.958914,True,sunday
2,2025-03-30T14:46:38.959972,False,sunday
2,2025-03-30T14:46:39.960639,False,sunday
2,2025-03-30T14:46:40.961791,True,sunday
2,2025-03-30T14:46:41.962601,True,sunday
2,2025-03-30T14:46:42.963639,False,sunday
2,2025-03-30T14:46:43.964798,False,sunday
2,2025-03-30T14:46:44.965758,True,sunday
2,2025-03-30T14:46:45.966447,False,sunday
2,2025-03-30T14:46:46.966932,True,sunday
2,2025-03-30T14:46:47.967480,True,sunday
2,2025-03-30T14:46:48.968352,True,sunday
2,2025-03-30T14:46:49.969583,False,sunday
2,2025-03-30T14:46:50.970454,False,sunday
2,2025-03-30T14:46:51.971149,False,sunday
2,2025-03-30T14:46:52.972127,False,sunday
2,2025-03-30T14:46:53.972648,True,sunday
2,2025-03-30T14:46:54.973294,True,sunday
2,2025-03-30T14:46:55.974189,True,sunday
2,2025-03-30T14:46:56.975182,True,sunday
2,2025-03-30T14:46:57.975737,False,sunday
2,2025-03-30T14:46:58.976430,False,sunday
2,2025-03-30T14:46:59.977209,True,sunday
2,2025-03-30T14:47:00.977882,False,sunday
2,2025-03-30T14:47:01.978835,True,sunday
2,2025-03-30T14:47:02.979807,True,sunday
2,2025-03-30T14:47:03.980344,True,sunday
2,2025-03-30T14:47:04.981071,True,sunday
2,2025-03-30T14:47:05.981579,True,sunday
2,2025-03-30T14:47:06.982429,True,sunday
2,2025-03-30T14:47:07.983507,False,sunday
2,2025-03-30T14:47:08.984163,True,sunday
2,2025-03-30T14:47:09.985128,True,sunday
2,2025-03-30T14:47:11.986647,False,sunday
2,2025-03-30T14:47:12.987539,True,sunday
2,2025-03-30T14:47:13.988007,False,sunday
2,2025-03-30T14:47:14.989406,False,sunday
2,2025-03-30T14:47:16.990331,False,sunday
2,2025-03-30T14:47:17.991140,False,sunday
2,2025-03-30T14:47:18.991595,False,sunday
2,2025-03-30T14:47:19.992098,False,sunday
2,2025-03-30T14:47:21.993513,True,sunday
2,2025-03-30T14:47:22.994292,False,sunday
2,2025-03-30T14:47:23.995334,False,sunday
2,2025-03-30T14:47:24.996063,True,sunday
2,2025-03-30T14:47:25.996898,False,sunday
2,2025-03-30T14:47:26.997743,True,sunday
2,2025-03-30T14:47:28.998761,True,sunday
2,2025-03-30T14:47:29.999515,True,sunday
2,2025-03-30T14:47:31.000118,False,sunday
2,2025-03-30T14:47:32.000640,False,sunday
2,2025-03-30T14:47:33.001667,False,sunday
2,2025-03-30T14:47:34.002507,True,sunday
2,2025-03-30T14:47:36.004042,True,sunday
2,2025-03-30T14:47:37.004804,False,sunday
2,2025-03-30T14:47:38.005696,False,sunday
2,2025-03-30T14:47:39.006363,False,sunday
2,2025-03-30T14:47:40.007640,False,sunday
2,2025-03-30T14:47:41.008417,False,sunday
2,2025-03-30T14:47:42.008944,False,sunday
2,2025-03-30T14:47:43.009547,True,sunday
2,2025-03-30T14:47:44.010404,True,sunday
2,2025-03-30T14:47:45.011200,False,sunday
2,2025-03-30T14:47:46.011946,True,sunday
2,2025-03-30T14:47:48.014393,False,sunday
2,2025-03-30T14:47:49.015188,False,sunday
2,2025-03-30T14:47:50.015767,True,sunday
2,2025-03-30T14:47:51.016446,False,sunday
2,2025-03-30T14:47:53.018432,False,sunday
2,2025-03-30T14:47:54.019407,False,sunday
2,2025-03-30T14:47:56.021176,True,sunday
2,2025-03-30T14:47:57.022137,True,sunday
2,2025-03-30T14:47:58.023018,False,sunday
2,2025-03-30T14:47:59.024265,True,sunday
2,2025-03-30T14:48:00.025208,True,sunday
2,2025-03-30T14:48:01.025856,True,sunday
2,2025-03-30T14:48:02.026671,True,sunday
2,2025-03-30T14:48:03.027689,True,sunday
2,2025-03-30T14:48:04.028130,True,sunday
2,2025-03-30T14:48:05.028793,True,sunday
2,2025-03-30T14:48:06.029518,True,sunday
2,2025-03-30T14:48:09.031991,False,sunday
2,2025-03-30T14:48:11.033844,True,sunday
2,2025-03-30T14:48:12.034874,False,sunday
2,2025-03-30T14:48:13.036148,False,sunday
2,2025-03-30T14:48:14.037039,False,sunday
2,2025-03-30T14:48:15.037655,False,sunday
2,2025-03-30T14:48:16.038351,False,sunday
2,2025-03-30T14:48:17.038936,True,sunday
2,2025-03-30T14:48:18.039699,True,sunday
2,2025-03-30T14:48:19.040427,True,sunday
2,2025-03-30T14:48:20.041186,False,sunday
2,2025-03-30T14:48:21.041899,False,sunday
2,2025-03-30T14:48:22.042919,True,sunday
2,2025-03-30T14:48:23.043684,True,sunday
2,2025-03-30T14:48:25.045009,False,sunday
2,2025-03-30T14:48:26.045922,False,sunday
2,2025-03-30T14:48:27.046497,True,sunday
2,2025-03-30T14:48:28.047506,False,sunday
2,2025-03-30T14:48:29.048004,False,sunday
2,2025-03-30T14:48:30.048578,False,sunday
2,2025-03-30T14:48:31.049135,False,sunday
2,2025-03-30T14:48:32.049674,True,sunday
2,2025-03-30T14:48:33.050323,True,sunday
2,2025-03-30T14:48:34.050796,True,sunday
2,2025-03-30T14:48:35.051328,False,sunday
2,2025-03-30T14:48:36.051800,False,sunday
2,2025-03-30T14:48:37.052076,True,sunday
2,2025-03-30T14:48:38.052637,True,sunday
2,2025-03-30T14:48:39.053187,True,sunday
2,2025-03-30T14:48:40.053886,False,sunday
2,2025-03-30T14:48:41.054454,False,sunday
2,2025-03-30T14:48:43.055974,True,sunday
2,2025-03-30T14:48:44.056915,True,sunday
2,2025-03-30T14:48:46.059176,False,sunday
2,2025-03-30T14:48:47.059939,True,sunday
2,2025-03-30T14:48:48.060530,True,sunday
2,2025-03-30T14:48:49.061039,False,sunday
2,2025-03-30T14:48:50.061663,False,sunday
2,2025-03-30T14:48:51.062380,True,sunday
2,2025-03-30T14:48:52.063318,False,sunday
2,2025-03-30T14:48:53.064060,False,sunday
2,2025-03-30T14:48:54.064611,True,sunday
2,2025-03-30T14:48:55.064949,False,sunday
2,2025-03-30T14:48:56.065418,False,sunday
2,2025-03-30T14:48:57.066088,True,sunday
2,2025-03-30T14:48:58.066762,True,sunday
2,2025-03-30T14:48:59.067255,True,sunday
2,2025-03-30T14:49:00.067786,False,sunday
2,2025-03-30T14:49:01.068239,True,sunday
2,2025-03-30T14:49:02.068662,False,sunday
2,2025-03-30T14:49:03.069120,False,sunday
2,2025-03-30T14:49:04.069407,False,sunday
2,2025-03-30T14:49:05.070046,False,sunday
2,2025-03-30T14:49:06.070840,True,sunday
2,2025-03-30T14:49:07.071713,True,sunday
2,2025-03-30T14:49:08.072587,False,sunday
2,2025-03-30T14:49:10.074184,False,sunday
2,2025-03-30T14:49:11.074852,True,sunday
2,2025-03-30T14:49:12.075916,False,sunday
2,2025-03-30T14:49:13.076441,False,sunday
2,2025-03-30T14:49:14.077309,False,sunday
2,2025-03-30T14:49:15.078197,False,sunday
2,2025-03-30T14:49:16.078921,True,sunday
2,2025-03-30T14:49:17.079693,False,sunday
2,2025-03-30T14:49:18.080488,False,sunday
2,2025-03-30T14:49:19.081264,False,sunday
2,2025-03-30T14:49:21.082885,False,sunday
2,2025-03-30T14:49:22.083930,False,sunday
2,2025-03-30T14:49:23.084484,True,sunday
2,2025-03-30T14:49:24.085177,False,sunday
2,2025-03-30T14:49:25.085631,False,sunday
2,2025-03-30T14:49:26.086499,False,sunday
2,2025-03-30T14:49:27.087418,True,sunday
2,2025-03-30T14:49:28.088170,False,sunday
2,2025-03-30T14:49:29.089241,False,sunday
2,2025-03-30T14:49:30.090337,True,sunday
2,2025-03-30T14:49:31.091364,True,sunday
2,2025-03-30T14:49:32.091848,True,sunday
2,2025-03-30T14:49:33.092874,True,sunday
2,2025-03-30T14:49:34.093367,False,sunday
2,2025-03-30T14:49:35.094048,False,sunday
2,2025-03-30T14:49:36.094741,True,sunday
2,2025-03-30T14:49:37.095654,False,sunday
2,2025-03-30T14:49:38.096278,False,sunday
2,2025-03-30T14:49:40.098210,True,sunday
2,2025-03-30T14:49:41.098976,False,sunday
2,2025-03-30T14:49:42.099961,False,sunday
2,2025-03-30T14:49:43.100475,False,sunday
2,2025-03-30T14:49:45.101643,True,sunday
2,2025-03-30T14:49:47.102657,True,sunday
2,2025-03-30T14:49:48.103276,False,sunday
2,2025-03-30T14:49:49.104151,True,sunday
2,2025-03-30T14:49:50.105191,False,sunday
2,2025-03-30T14:49:51.105711,True,sunday
2,2025-03-30T14:49:52.106343,True,sunday
2,2025-03-30T14:49:53.107239,True,sunday
2,2025-03-30T14:49:54.107828,False,sunday
2,2025-03-30T14:49:55.108551,True,sunday
2,2025-03-30T14:49:56.109485,False,sunday
2,2025-03-30T14:49:57.109932,True,sunday
2,2025-03-30T14:49:58.110426,False,sunday
2,2025-03-30T14:49:59.111433,True,sunday
2,2025-03-30T14:50:01.112736,True,sunday
2,2025-03-30T14:50:02.113330,False,sunday
2,2025-03-30T14:50:03.113925,False,sunday
2,2025-03-30T14:50:04.114557,True,sunday
2,2025-03-30T14:50:05.115269,False,sunday
2,2025-03-30T14:50:06.116088,False,sunday
2,2025-03-30T14:50:07.116654,False,sunday
2,2025-03-30T14:50:08.117476,False,sunday
2,2025-03-30T14:50:10.119050,False,sunday
2,2025-03-30T14:50:11.119527,True,sunday
2,2025-03-30T14:50:12.120175,False,sunday
2,2025-03-30T14:50:13.120968,True,sunday
2,2025-03-30T14:50:14.121658,False,sunday
2,2025-03-30T14:50:15.122425,True,sunday
2,2025-03-30T14:50:16.123430,True,sunday
2,2025-03-30T14:50:17.124018,False,sunday
2,2025-03-30T14:50:18.124773,False,sunday
2,2025-03-30T14:50:20.126110,False,sunday
2,2025-03-30T14:50:21.126890,False,sunday
2,2025-03-30T14:50:22.127517,True,sunday
2,2025-03-30T14:50:23.128306,False,sunday
2,2025-03-30T14:50:24.129213,True,sunday
2,2025-03-30T14:50:25.129884,False,sunday
2,2025-03-30T14:50:26.130372,True,sunday
2,2025-03-30T14:50:27.131374,True,sunday
2,2025-03-30T14:50:28.131834,True,sunday
2,2025-03-30T14:50:29.132484,False,sunday
2,2025-03-30T14:50:30.133391,True,sunday
2,2025-03-30T14:50:31.133974,False,sunday
2,2025-03-30T14:50:33.134998,False,sunday
2,2025-03-30T14:50:34.135927,True,sunday
2,2025-03-30T14:50:36.137042,True,sunday
2,2025-03-30T14:50:37.137613,False,sunday
2,2025-03-30T14:50:38.138338,False,sunday
2,2025-03-30T14:50:39.139181,False,sunday
2,2025-03-30T14:50:40.139965,True,sunday
2,2025-03-30T14:50:41.140541,False,sunday
2,2025-03-30T14:50:42.141262,False,sunday
2,2025-03-30T14:50:43.141971,False,sunday
2,2025-03-30T14:50:44.142766,True,sunday
2,2025-03-30T14:50:45.143372,False,sunday
2,2025-03-30T14:50:46.144247,True,sunday
2,2025-03-30T14:50:47.144938,False,sunday
2,2025-03-30T14:50:48.145537,False,sunday
2,2025-03-30T14:50:49.146305,False,sunday
2,2025-03-30T14:50:50.147003,False,sunday
2,2025-03-30T14:50:51.147564,True,sunday
2,2025-03-30T14:50:52.147959,True,sunday
2,2025-03-30T14:50:53.148636,True,sunday
2,2025-03-30T14:50:54.149501,False,sunday
2,2025-03-30T14:50:55.150287,True,sunday
2,2025-03-30T14:50:56.150921,False,sunday
2,2025-03-30T14:50:57.151592,True,sunday
2,2025-03-30T14:50:58.152504,False,sunday
2,2025-03-30T14:50:59.152904,True,sunday
2,2025-03-30T14:51:00.153581,False,sunday
2,2025-03-30T14:51:01.154370,True,sunday
2,2025-03-30T14:51:02.154920,False,sunday
2,2025-03-30T14:51:03.155716,True,sunday
2,2025-03-30T14:51:04.156389,False,sunday
2,2025-03-30T14:51:05.157250,False,sunday
2,2025-03-30T14:51:06.157590,True,sunday
2,2025-03-30T14:51:07.158375,False,sunday
2,2025-03-30T14:51:08.159219,False,sunday
2,2025-03-30T14:51:09.160049,False,sunday
2,2025-03-30T14:51:10.160831,False,sunday
2,2025-03-30T14:51:11.161396,False,sunday
2,2025-03-30T14:51:12.161841,True,sunday
2,2025-03-30T14:51:14.163486,False,sunday
2,2025-03-30T14:51:16.165101,True,sunday
2,2025-03-30T14:51:17.165899,True,sunday
2,2025-03-30T14:51:18.166578,True,sunday
2,2025-03-30T14:51:21.168930,False,sunday
2,2025-03-30T14:51:22.170270,False,sunday
2,2025-03-30T14:51:23.170862,True,sunday
2,2025-03-30T14:51:25.172319,True,sunday
2,2025-03-30T14:51:26.173235,False,sunday
2,2025-03-30T14:51:27.173765,False,sunday
2,2025-03-30T14:51:28.174392,False,sunday
2,2025-03-30T14:51:29.175078,False,sunday
2,2025-03-30T14:51:30.175718,False,sunday
2,2025-03-30T14:51:31.176314,False,sunday
2,2025-03-30T14:51:33.177676,True,sunday
2,2025-03-30T14:51:34.178498,False,sunday
2,2025-03-30T14:51:35.179256,True,sunday
2,2025-03-30T14:51:36.179943,False,sunday
2,2025-03-30T14:51:37.180628,False,sunday
2,2025-03-30T14:51:38.181236,True,sunday
2,2025-03-30T14:51:39.182020,True,sunday
2,2025-03-30T14:51:40.182822,False,sunday
2,2025-03-30T14:51:41.183389,False,sunday
2,2025-03-30T14:51:43.185174,False,sunday
2,2025-03-30T14:51:44.185748,False,sunday
2,2025-03-30T14:51:45.186346,False,sunday
2,2025-03-30T14:51:46.186783,False,sunday
2,2025-03-30T14:51:47.187187,False,sunday
2,2025-03-30T14:51:48.187786,True,sunday
2,2025-03-30T14:51:50.189160,True,sunday
2,2025-03-30T14:51:51.190211,True,sunday
2,2025-03-30T14:51:52.190621,True,sunday
2,2025-03-30T14:51:53.191132,False,sunday
2,2025-03-30T14:51:54.191898,False,sunday
2,2025-03-30T14:51:55.193119,True,sunday
2,2025-03-30T14:51:56.193895,True,sunday
2,2025-03-30T14:51:57.194317,True,sunday
2,2025-03-30T14:51:58.195298,True,sunday
2,2025-03-30T14:51:59.196066,False,sunday
2,2025-03-30T14:52:00.196753,False,sunday
2,2025-03-30T14:52:01.197558,False,sunday
2,2025-03-30T14:52:02.197922,True,sunday
2,2025-03-30T14:52:03.198708,True,sunday
2,2025-03-30T14:52:04.199048,False,sunday
2,2025-03-30T14:52:05.199727,True,sunday
2,2025-03-30T14:52:07.200776,True,sunday
2,2025-03-30T14:52:08.201420,False,sunday
2,2025-03-30T14:52:09.202236,True,sunday
2,2025-03-30T14:52:10.202825,False,sunday
2,2025-03-30T14:52:11.203683,True,sunday
2,2025-03-30T14:52:12.204424,False,sunday
2,2025-03-30T14:52:13.205104,False,sunday
2,2025-03-30T14:52:14.205904,True,sunday
2,2025-03-30T14:52:15.206902,True,sunday
2,2025-03-30T14:52:16.207658,True,sunday
2,2025-03-30T14:52:17.208351,False,sunday
2,2025-03-30T14:52:18.208954,False,sunday
2,2025-03-30T14:52:19.209570,False,sunday
2,2025-03-30T14:52:20.209943,True,sunday
2,2025-03-30T14:52:21.210920,True,sunday
2,2025-03-30T14:52:22.211579,True,sunday
2,2025-03-30T14:52:23.212269,True,sunday
2,2025-03-30T14:52:24.212895,False,sunday
2,2025-03-30T14:52:25.213445,False,sunday
2,2025-03-30T14:52:26.214184,False,sunday
2,2025-03-30T14:52:27.214957,True,sunday
2,2025-03-30T14:52:28.216132,True,sunday
2,2025-03-30T14:52:29.217037,False,sunday
2,2025-03-30T14:52:30.217841,False,sunday
2,2025-03-30T14:52:31.218649,True,sunday
2,2025-03-30T14:52:32.219376,False,sunday
2,2025-03-30T14:52:33.220063,False,sunday
2,2025-03-30T14:52:34.221202,False,sunday
2,2025-03-30T14:52:35.222202,True,sunday
2,2025-03-30T14:52:36.223086,False,sunday
2,2025-03-30T14:52:37.223929,True,sunday
2,2025-03-30T14:52:38.224638,True,sunday
2,2025-03-30T14:52:39.225546,True,sunday
2,2025-03-30T14:52:40.226583,True,sunday
2,2025-03-30T14:52:41.227332,True,sunday
2,2025-03-30T14:52:42.228172,False,sunday
2,2025-03-30T14:52:43.228815,True,sunday
2,2025-03-30T14:52:44.229248,True,sunday
2,2025-03-30T14:52:45.230085,False,sunday
2,2025-03-30T14:52:46.230797,False,sunday
2,2025-03-30T14:52:47.231489,False,sunday
2,2025-03-30T14:52:48.232237,False,sunday
2,2025-03-30T14:52:49.233015,True,sunday
2,2025-03-30T14:52:50.233723,True,sunday
2,2025-03-30T14:52:51.234341,False,sunday
2,2025-03-30T14:52:52.235174,False,sunday
2,2025-03-30T14:52:53.236255,True,sunday
2,2025-03-30T14:52:54.237054,True,sunday
2,2025-03-30T14:52:55.237580,True,sunday
2,2025-03-30T14:52:57.238690,True,sunday
2,2025-03-30T14:52:58.239451,False,sunday
2,2025-03-30T14:52:59.239961,True,sunday
2,2025-03-30T14:53:02.242082,False,sunday
2,2025-03-30T14:53:04.243455,False,sunday
2,2025-03-30T14:53:05.244267,False,sunday
2,2025-03-30T14:53:06.244820,True,sunday
2,2025-03-30T14:53:07.245735,False,sunday
2,2025-03-30T14:53:08.246795,False,sunday
2,2025-03-30T14:53:09.247836,False,sunday
2,2025-03-30T14:53:10.248364,False,sunday
2,2025-03-30T14:53:11.248860,True,sunday
2,2025-03-30T14:53:12.249889,True,sunday
2,2025-03-30T14:53:13.250553,False,sunday
2,2025-03-30T14:53:14.251326,False,sunday
2,2025-03-30T14:53:15.251987,False,sunday
2,2025-03-30T14:53:16.252705,False,sunday
2,2025-03-30T14:53:17.253386,False,sunday
2,2025-03-30T14:53:18.254495,False,sunday
2,2025-03-30T14:53:19.255183,True,sunday
2,2025-03-30T14:53:20.255953,True,sunday
2,2025-03-30T14:53:21.257111,True,sunday
2,2025-03-30T14:53:22.257720,True,sunday
2,2025-03-30T14:53:23.258481,True,sunday
2,2025-03-30T14:53:24.259186,True,sunday
2,2025-03-30T14:53:25.259804,False,sunday
2,2025-03-30T14:53:26.260331,False,sunday
2,2025-03-30T14:53:27.260857,True,sunday
2,2025-03-30T14:53:28.261758,False,sunday
2,2025-03-30T14:53:29.262344,False,sunday
2,2025-03-30T14:53:30.263378,True,sunday
2,2025-03-30T14:53:31.263876,False,sunday
2,2025-03-30T14:53:32.264749,False,sunday
2,2025-03-30T14:53:33.265356,False,sunday
2,2025-03-30T14:53:34.266192,True,sunday
2,2025-03-30T14:53:36.268200,False,sunday
2,2025-03-30T14:53:37.269110,False,sunday
2,2025-03-30T14:53:38.270092,True,sunday
2,2025-03-30T14:53:39.270914,True,sunday
2,2025-03-30T14:53:40.271523,False,sunday
2,2025-03-30T14:53:41.272482,True,sunday
2,2025-03-30T14:53:42.273227,False,sunday
2,2025-03-30T14:53:43.273760,False,sunday
2,2025-03-30T14:53:44.274775,True,sunday
2,2025-03-30T14:53:45.275983,False,sunday
2,2025-03-30T14:53:46.276736,False,sunday
2,2025-03-30T14:53:47.277283,False,sunday
2,2025-03-30T14:53:48.278376,False,sunday
2,2025-03-30T14:53:49.279306,True,sunday
2,2025-03-30T14:53:50.280143,True,sunday
2,2025-03-30T14:53:51.280716,False,sunday
2,2025-03-30T14:53:52.281590,True,sunday
2,2025-03-30T14:53:55.284416,True,sunday
2,2025-03-30T14:53:56.285002,True,sunday
2,2025-03-30T14:53:57.286022,False,sunday
2,2025-03-30T14:53:58.286612,True,sunday
2,2025-03-30T14:53:59.287358,False,sunday
2,2025-03-30T14:54:00.288194,False,sunday
2,2025-03-30T14:54:01.288775,True,sunday
2,2025-03-30T14:54:02.289483,True,sunday
2,2025-03-30T14:54:03.290312,False,sunday
2,2025-03-30T14:54:05.291718,True,sunday
2,2025-03-30T14:54:06.292311,True,sunday
2,2025-03-30T14:54:07.293226,False,sunday
2,2025-03-30T14:54:08.294167,False,sunday
2,2025-03-30T14:54:09.294833,True,sunday
2,2025-03-30T14:54:10.295521,False,sunday
2,2025-03-30T14:54:11.295936,False,sunday
2,2025-03-30T14:54:12.296574,True,sunday
2,2025-03-30T14:54:13.297435,True,sunday
2,2025-03-30T14:54:14.298573,False,sunday
2,2025-03-30T14:54:15.299337,False,sunday
2,2025-03-30T14:54:16.299802,True,sunday
2,2025-03-30T14:54:17.300446,True,sunday
2,2025-03-30T14:54:18.301096,False,sunday
2,2025-03-30T14:54:19.301596,False,sunday
2,2025-03-30T14:54:20.302191,False,sunday
2,2025-03-30T14:54:21.303056,False,sunday
2,2025-03-30T14:54:22.303588,False,sunday
2,2025-03-30T14:54:23.304219,True,sunday
2,2025-03-30T14:54:24.305326,False,sunday
2,2025-03-30T14:54:25.306073,True,sunday
2,2025-03-30T14:54:26.306616,False,sunday
2,2025-03-30T14:54:28.307974,True,sunday
2,2025-03-30T14:54:29.308767,False,sunday
2,2025-03-30T14:54:30.309148,True,sunday
2,2025-03-30T14:54:31.309616,True,sunday
2,2025-03-30T14:54:32.310148,True,sunday
2,2025-03-30T14:54:34.311561,True,sunday
2,2025-03-30T14:54:35.312644,True,sunday
2,2025-03-30T14:54:36.313924,False,sunday
2,2025-03-30T14:54:37.314638,True,sunday
2,2025-03-30T14:54:38.315227,True,sunday
2,2025-03-30T14:54:39.316079,False,sunday
2,2025-03-30T14:54:40.316633,True,sunday
2,2025-03-30T14:54:41.317674,False,sunday
2,2025-03-30T14:54:42.318916,True,sunday
2,2025-03-30T14:54:44.320135,True,sunday
2,2025-03-30T14:54:45.320850,False,sunday
2,2025-03-30T14:54:46.321448,False,sunday
2,2025-03-30T14:54:47.322245,False,sunday
2,2025-03-30T14:54:48.322633,False,sunday
2,2025-03-30T14:54:49.323448,False,sunday
2,2025-03-30T14:54:50.324107,True,sunday
2,2025-03-30T14:54:51.324491,True,sunday
2,2025-03-30T14:54:52.325400,False,sunday
2,2025-03-30T14:54:54.327026,False,sunday
2,2025-03-30T14:54:55.327849,True,sunday
2,2025-03-30T14:54:56.328416,False,sunday
2,2025-03-30T14:54:57.329395,False,sunday
2,2025-03-30T14:54:58.329906,True,sunday
2,2025-03-30T14:55:00.331756,False,sunday
2,2025-03-30T14:55:01.332710,True,sunday
2,2025-03-30T14:55:02.333269,False,sunday
2,2025-03-30T14:55:03.333902,True,sunday
2,2025-03-30T14:55:04.335084,False,sunday
2,2025-03-30T14:55:05.335725,True,sunday
2,2025-03-30T14:55:06.336310,False,sunday
2,2025-03-30T14:55:07.337069,True,sunday
2,2025-03-30T14:55:10.338659,True,sunday
2,2025-03-30T14:55:12.340774,False,sunday
2,2025-03-30T14:55:13.341543,False,sunday
2,2025-03-30T14:55:14.342502,False,sunday
2,2025-03-30T14:55:15.343358,False,sunday
2,2025-03-30T14:55:16.344153,False,sunday
2,2025-03-30T14:55:19.346043,False,sunday
2,2025-03-30T14:55:20.346966,False,sunday
2,2025-03-30T14:55:21.347581,True,sunday
2,2025-03-30T14:55:22.348741,False,sunday
2,2025-03-30T14:55:23.349458,False,sunday
2,2025-03-30T14:55:24.350076,True,sunday
2,2025-03-30T14:55:25.351016,False,sunday
2,2025-03-30T14:55:26.351698,True,sunday
2,2025-03-30T14:55:27.352551,True,sunday
2,2025-03-30T14:55:28.353362,False,sunday
2,2025-03-30T14:55:29.353849,False,sunday
2,2025-03-30T14:55:30.355048,False,sunday
2,2025-03-30T14:55:31.355673,False,sunday
2,2025-03-30T14:55:32.356541,False,sunday
2,2025-03-30T14:55:33.357470,False,sunday
2,2025-03-30T14:55:34.358436,True,sunday
2,2025-03-30T14:55:35.358985,True,sunday
2,2025-03-30T14:55:36.359804,True,sunday
2,2025-03-30T14:55:37.360592,True,sunday
2,2025-03-30T14:55:39.361789,False,sunday
2,2025-03-30T14:55:41.366082,True,sunday
2,2025-03-30T14:55:42.366983,True,sunday
2,2025-03-30T14:55:44.368222,True,sunday
2,2025-03-30T14:55:45.368987,False,sunday
2,2025-03-30T14:55:46.370462,True,sunday
2,2025-03-30T14:55:47.371042,False,sunday
2,2025-03-30T14:55:50.373116,False,sunday
2,2025-03-30T14:55:52.375330,True,sunday
2,2025-03-30T14:55:53.375795,False,sunday
2,2025-03-30T14:55:54.376384,True,sunday
2,2025-03-30T14:55:55.376983,False,sunday
2,2025-03-30T14:55:56.377890,True,sunday
2,2025-03-30T14:55:57.378505,False,sunday
2,2025-03-30T14:55:58.379182,False,sunday
2,2025-03-30T14:55:59.379648,False,sunday
2,2025-03-30T14:56:00.380405,False,sunday
2,2025-03-30T14:56:01.380997,True,sunday
2,2025-03-30T14:56:02.381690,True,sunday
2,2025-03-30T14:56:04.383552,False,sunday
2,2025-03-30T14:56:05.384525,True,sunday
2,2025-03-30T14:56:06.385146,False,sunday
2,2025-03-30T14:56:07.385666,False,sunday
2,2025-03-30T14:56:08.386069,False,sunday
2,2025-03-30T14:56:09.386553,True,sunday
2,2025-03-30T14:56:10.387253,True,sunday
2,2025-03-30T14:56:11.387814,True,sunday
2,2025-03-30T14:56:12.388753,True,sunday
2,2025-03-30T14:56:13.389073,False,sunday
2,2025-03-30T14:56:15.390324,True,sunday
2,2025-03-30T14:56:16.391453,False,sunday
2,2025-03-30T14:56:17.391986,False,sunday
2,2025-03-30T14:56:18.392255,False,sunday
2,2025-03-30T14:56:19.392829,True,sunday
2,2025-03-30T14:56:20.393295,False,sunday
2,2025-03-30T14:56:22.395054,False,sunday
2,2025-03-30T14:56:23.395872,False,sunday
2,2025-03-30T14:56:24.396642,True,sunday
2,2025-03-30T14:56:26.397904,True,sunday
2,2025-03-30T14:56:27.398535,False,sunday
2,2025-03-30T14:56:28.399324,True,sunday
2,2025-03-30T14:56:29.399847,True,sunday
2,2025-03-30T14:56:30.401272,True,sunday
2,2025-03-30T14:56:31.401848,False,sunday
2,2025-03-30T14:56:33.403498,True,sunday
2,2025-03-30T14:56:34.404655,True,sunday
2,2025-03-30T14:56:35.405634,False,sunday
2,2025-03-30T14:56:36.406419,False,sunday
2,2025-03-30T14:56:38.408060,True,sunday
2,2025-03-30T14:56:39.408759,True,sunday
2,2025-03-30T14:56:40.409479,True,sunday
2,2025-03-30T14:56:41.410704,False,sunday
2,2025-03-30T14:56:43.412230,True,sunday
2,2025-03-30T14:56:44.413195,False,sunday
2,2025-03-30T14:56:45.413798,False,sunday
2,2025-03-30T14:56:46.414325,False,sunday
2,2025-03-30T14:56:48.415741,False,sunday
2,2025-03-30T14:56:49.416359,False,sunday
2,2025-03-30T14:56:50.417416,True,sunday
2,2025-03-30T14:56:51.418149,False,sunday
2,2025-03-30T14:56:52.419184,True,sunday
2,2025-03-30T14:56:53.420034,True,sunday
2,2025-03-30T14:56:54.420764,False,sunday
2,2025-03-30T14:56:55.421454,False,sunday
2,2025-03-30T14:56:56.422052,False,sunday
2,2025-03-30T14:56:57.422583,True,sunday
2,2025-03-30T14:56:58.423562,True,sunday
2,2025-03-30T14:56:59.424808,True,sunday
2,2025-03-30T14:57:00.425847,False,sunday
2,2025-03-30T14:57:01.426479,True,sunday
2,2025-03-30T14:57:02.427031,False,sunday
2,2025-03-30T14:57:03.427648,True,sunday
2,2025-03-30T14:57:04.428133,False,sunday
2,2025-03-30T14:57:05.429312,False,sunday
2,2025-03-30T14:57:06.430231,False,sunday
2,2025-03-30T14:57:07.431331,True,sunday
2,2025-03-30T14:57:08.431982,True,sunday
2,2025-03-30T14:57:10.433690,True,sunday
2,2025-03-30T14:57:11.434431,False,sunday
2,2025-03-30T14:57:12.435022,False,sunday
2,2025-03-30T14:57:13.435790,True,sunday
2,2025-03-30T14:57:14.436497,False,sunday
2,2025-03-30T14:57:15.436942,True,sunday
2,2025-03-30T14:57:16.437521,True,sunday
2,2025-03-30T14:57:17.438335,True,sunday
2,2025-03-30T14:57:18.438869,False,sunday
2,2025-03-30T14:57:19.439341,False,sunday
2,2025-03-30T14:57:20.440016,False,sunday
2,2025-03-30T14:57:21.440684,False,sunday
2,2025-03-30T14:57:22.441770,False,sunday
2,2025-03-30T14:57:23.442154,False,sunday
2,2025-03-30T14:57:24.442832,False,sunday
2,2025-03-30T14:57:25.443637,False,sunday
2,2025-03-30T14:57:26.444485,False,sunday
2,2025-03-30T14:57:27.444974,False,sunday
2,2025-03-30T14:57:28.446431,True,sunday
2,2025-03-30T14:57:31.448327,True,sunday
2,2025-03-30T14:57:32.448937,False,sunday
2,2025-03-30T14:57:33.449617,True,sunday
2,2025-03-30T14:57:34.450217,False,sunday
2,2025-03-30T14:57:35.450851,True,sunday
2,2025-03-30T14:57:36.451632,True,sunday
2,2025-03-30T14:57:37.452433,True,sunday
2,2025-03-30T14:57:38.452953,True,sunday
2,2025-03-30T14:57:39.453447,False,sunday
2,2025-03-30T14:57:40.453771,True,sunday
2,2025-03-30T14:57:41.454178,False,sunday
2,2025-03-30T14:57:42.455273,False,sunday
2,2025-03-30T14:57:43.455913,True,sunday
2,2025-03-30T14:57:45.457714,False,sunday
2,2025-03-30T14:57:47.459113,True,sunday
2,2025-03-30T14:57:48.460099,False,sunday
2,2025-03-30T14:57:49.460996,True,sunday
2,2025-03-30T14:57:51.462468,True,sunday
2,2025-03-30T14:57:52.463016,True,sunday
2,2025-03-30T14:57:53.463709,False,sunday
2,2025-03-30T14:57:54.464524,True,sunday
2,2025-03-30T14:57:55.465030,True,sunday
2,2025-03-30T14:57:56.465803,False,sunday
2,2025-03-30T14:57:57.466682,False,sunday
2,2025-03-30T14:57:59.467781,False,sunday
2,2025-03-30T14:58:00.468107,False,sunday
2,2025-03-30T14:58:01.468555,True,sunday
2,2025-03-30T14:58:02.469710,False,sunday
2,2025-03-30T14:58:03.470105,False,sunday
2,2025-03-30T14:58:04.471621,True,sunday
2,2025-03-30T14:58:06.473343,False,sunday
2,2025-03-30T14:58:07.473869,True,sunday
2,2025-03-30T14:58:08.474270,True,sunday
2,2025-03-30T14:58:09.474979,True,sunday
2,2025-03-30T14:58:10.475516,True,sunday
2,2025-03-30T14:58:11.476316,True,sunday
2,2025-03-30T14:58:12.477134,True,sunday
2,2025-03-30T14:58:13.477797,False,sunday
2,2025-03-30T14:58:14.478508,False,sunday
2,2025-03-30T14:58:15.479338,False,sunday
2,2025-03-30T14:58:16.480220,True,sunday
2,2025-03-30T14:58:17.480794,False,sunday
2,2025-03-30T14:58:18.481441,True,sunday
2,2025-03-30T14:58:19.481954,False,sunday
2,2025-03-30T14:58:20.482270,True,sunday
2,2025-03-30T14:58:21.483513,True,sunday
2,2025-03-30T14:58:22.484175,True,sunday
2,2025-03-30T14:58:24.485781,True,sunday
2,2025-03-30T14:58:25.486296,False,sunday
2,2025-03-30T14:58:27.487125,False,sunday
2,2025-03-30T14:58:29.488357,True,sunday
2,2025-03-30T14:58:31.489900,False,sunday
2,2025-03-30T14:58:32.491229,True,sunday
2,2025-03-30T14:58:33.492345,False,sunday
2,2025-03-30T14:58:34.492894,False,sunday
2,2025-03-30T14:58:35.493248,False,sunday
2,2025-03-30T14:58:36.493614,False,sunday
2,2025-03-30T14:58:37.494060,False,sunday
2,2025-03-30T14:58:38.494728,True,sunday
2,2025-03-30T14:58:39.495280,False,sunday
2,2025-03-30T14:58:40.495790,True,sunday
2,2025-03-30T14:58:41.496559,True,sunday
2,2025-03-30T14:58:43.497840,True,sunday
2,2025-03-30T14:58:44.498366,False,sunday
2,2025-03-30T14:58:45.498704,False,sunday
2,2025-03-30T14:58:48.500085,False,sunday
2,2025-03-30T14:58:49.500725,False,sunday
2,2025-03-30T14:58:50.501756,True,sunday
2,2025-03-30T14:58:51.502179,False,sunday
2,2025-03-30T14:58:52.502833,False,sunday
2,2025-03-30T14:58:53.503351,False,sunday
2,2025-03-30T14:58:54.503671,False,sunday
2,2025-03-30T14:58:56.505090,True,sunday
2,2025-03-30T14:58:57.505971,True,sunday
2,2025-03-30T14:58:58.506795,True,sunday
2,2025-03-30T14:58:59.507589,True,sunday
2,2025-03-30T14:59:00.508687,True,sunday
2,2025-03-30T14:59:01.509292,False,sunday
2,2025-03-30T14:59:02.510120,True,sunday
2,2025-03-30T14:59:03.511358,True,sunday
2,2025-03-30T14:59:04.511629,True,sunday
2,2025-03-30T14:59:05.512228,False,sunday
2,2025-03-30T14:59:06.513244,True,sunday
2,2025-03-30T14:59:08.515418,False,sunday
2,2025-03-30T14:59:09.516002,True,sunday
2,2025-03-30T14:59:11.517346,False,sunday
2,2025-03-30T14:59:12.517796,False,sunday
2,2025-03-30T14:59:13.518093,False,sunday
2,2025-03-30T14:59:14.518605,False,sunday
2,2025-03-30T14:59:15.519237,True,sunday
2,2025-03-30T14:59:18.522382,True,sunday
2,2025-03-30T14:59:19.523148,False,sunday
2,2025-03-30T14:59:20.523781,True,sunday
2,2025-03-30T14:59:21.524224,True,sunday
2,2025-03-30T14:59:22.524918,True,sunday
2,2025-03-30T14:59:23.525411,False,sunday
2,2025-03-30T14:59:24.526257,True,sunday
2,2025-03-30T14:59:25.527432,True,sunday
2,2025-03-30T14:59:26.528341,False,sunday
2,2025-03-30T14:59:27.529216,False,sunday
2,2025-03-30T14:59:28.529864,False,sunday
2,2025-03-30T14:59:29.530337,False,sunday
2,2025-03-30T14:59:30.530874,False,sunday
2,2025-03-30T14:59:31.531336,True,sunday
2,2025-03-30T14:59:32.531760,False,sunday
2,2025-03-30T14:59:33.532513,False,sunday
2,2025-03-30T14:59:34.533279,True,sunday
2,2025-03-30T14:59:35.533909,True,sunday
2,2025-03-30T14:59:36.534485,False,sunday
2,2025-03-30T14:59:37.535053,True,sunday
2,2025-03-30T14:59:38.535736,True,sunday
2,2025-03-30T14:59:39.536223,False,sunday
2,2025-03-30T14:59:40.536884,False,sunday
2,2025-03-30T14:59:41.537334,True,sunday
2,2025-03-30T14:59:42.537925,True,sunday
2,2025-03-30T14:59:43.538907,False,sunday
2,2025-03-30T14:59:44.539756,False,sunday
2,2025-03-30T14:59:45.540250,False,sunday
2,2025-03-30T14:59:47.541823,True,sunday
2,2025-03-30T14:59:48.542468,False,sunday
2,2025-03-30T14:59:49.542837,False,sunday
2,2025-03-30T14:59:50.543148,False,sunday
2,2025-03-30T14:59:51.543684,True,sunday
2,2025-03-30T14:59:52.544339,True,sunday
2,2025-03-30T14:59:53.545118,True,sunday
2,2025-03-30T14:59:55.546203,True,sunday
2,2025-03-30T14:59:56.547211,True,sunday
2,2025-03-30T14:59:57.548078,False,sunday
2,2025-03-30T14:59:58.548819,True,sunday
2,2025-03-30T14:59:59.549151,False,sunday
2,2025-03-30T15:00:00.549719,True,sunday
2,2025-03-30T15:00:01.550166,False,sunday
2,2025-03-30T15:00:02.550896,True,sunday
2,2025-03-30T15:00:03.551785,True,sunday
2,2025-03-30T15:00:04.552244,True,sunday
2,2025-03-30T15:00:05.552753,False,sunday
2,2025-03-30T15:00:06.553080,True,sunday
2,2025-03-30T15:00:07.554250,False,sunday
2,2025-03-30T15:00:08.555007,True,sunday
2,2025-03-30T15:00:09.555731,True,sunday
2,2025-03-30T15:00:10.556318,True,sunday
2,2025-03-30T15:00:11.557497,False,sunday
2,2025-03-30T15:00:12.558035,False,sunday
2,2025-03-30T15:00:13.558945,False,sunday
2,2025-03-30T15:00:14.559849,True,sunday
2,2025-03-30T15:00:15.560672,False,sunday
2,2025-03-30T15:00:17.562433,False,sunday
2,2025-03-30T15:00:18.562871,False,sunday
2,2025-03-30T15:00:19.563595,True,sunday
2,2025-03-30T15:00:20.564560,True,sunday
2,2025-03-30T15:00:21.565504,False,sunday
2,2025-03-30T15:00:22.566435,True,sunday
2,2025-03-30T15:00:23.567204,False,sunday
2,2025-03-30T15:00:24.567932,False,sunday
2,2025-03-30T15:00:25.568611,True,sunday
2,2025-03-30T15:00:26.569320,True,sunday
2,2025-03-30T15:00:27.570021,True,sunday
2,2025-03-30T15:00:28.570518,True,sunday
2,2025-03-30T15:00:29.571190,True,sunday
2,2025-03-30T15:00:30.571636,True,sunday
2,2025-03-30T15:00:31.572606,True,sunday
2,2025-03-30T15:00:32.573412,False,sunday
2,2025-03-30T15:00:33.574181,False,sunday
2,2025-03-30T15:00:35.576277,True,sunday
2,2025-03-30T15:00:36.576955,True,sunday
2,2025-03-30T15:00:37.577428,False,sunday
2,2025-03-30T15:00:38.577906,False,sunday
2,2025-03-30T15:00:39.578846,False,sunday
2,2025-03-30T15:00:40.579736,False,sunday
2,2025-03-30T15:00:41.580208,True,sunday
2,2025-03-30T15:00:42.580835,True,sunday
2,2025-03-30T15:00:43.581740,True,sunday
2,2025-03-30T15:00:44.582334,False,sunday
2,2025-03-30T15:00:45.582923,False,sunday
2,2025-03-30T15:00:46.583515,False,sunday
2,2025-03-30T15:00:47.583949,False,sunday
2,2025-03-30T15:00:48.584868,False,sunday
2,2025-03-30T15:00:49.585524,True,sunday
2,2025-03-30T15:00:50.586618,False,sunday
2,2025-03-30T15:00:51.587231,False,sunday
2,2025-03-30T15:00:52.587737,False,sunday
2,2025-03-30T15:00:53.588818,False,sunday
2,2025-03-30T15:00:54.589761,False,sunday
2,2025-03-30T15:00:55.590129,False,sunday
2,2025-03-30T15:00:56.590674,True,sunday
2,2025-03-30T15:00:57.591099,True,sunday
2,2025-03-30T15:00:58.591593,False,sunday
2,2025-03-30T15:00:59.592229,True,sunday
2,2025-03-30T15:01:00.593148,True,sunday
2,2025-03-30T15:01:01.593472,False,sunday
2,2025-03-30T15:01:02.594220,True,sunday
2,2025-03-30T15:01:03.594538,True,sunday
2,2025-03-30T15:01:04.595309,True,sunday
2,2025-03-30T15:01:05.595746,True,sunday
2,2025-03-30T15:01:06.596492,False,sunday
2,2025-03-30T15:01:07.597683,True,sunday
2,2025-03-30T15:01:08.598457,False,sunday
2,2025-03-30T15:01:09.599352,True,sunday
2,2025-03-30T15:01:10.600168,True,sunday
2,2025-03-30T15:01:11.600654,False,sunday
2,2025-03-30T15:01:12.601529,False,sunday
2,2025-03-30T15:01:13.602303,True,sunday
2,2025-03-30T15:01:14.603071,False,sunday
2,2025-03-30T15:01:15.603599,False,sunday
2,2025-03-30T15:01:16.604042,True,sunday
2,2025-03-30T15:01:18.605628,False,sunday
2,2025-03-30T15:01:19.606593,True,sunday
2,2025-03-30T15:01:20.607044,True,sunday
2,2025-03-30T15:01:21.607954,True,sunday
2,2025-03-30T15:01:22.608910,False,sunday
2,2025-03-30T15:01:23.609713,False,sunday
2,2025-03-30T15:01:24.610198,True,sunday
2,2025-03-30T15:01:25.610693,False,sunday
2,2025-03-30T15:01:26.611359,False,sunday
2,2025-03-30T15:01:27.612248,True,sunday
2,2025-03-30T15:01:28.612831,False,sunday
2,2025-03-30T15:01:30.614397,True,sunday
2,2025-03-30T15:01:32.615868,False,sunday
2,2025-03-30T15:01:33.616149,False,sunday
2,2025-03-30T15:01:34.616743,False,sunday
2,2025-03-30T15:01:35.617622,True,sunday
2,2025-03-30T15:01:36.618426,False,sunday
2,2025-03-30T15:01:37.619000,False,sunday
2,2025-03-30T15:01:38.619902,False,sunday
2,2025-03-30T15:01:39.620379,False,sunday
2,2025-03-30T15:01:40.620723,True,sunday
2,2025-03-30T15:01:41.621763,False,sunday
2,2025-03-30T15:01:43.623063,True,sunday
2,2025-03-30T15:01:44.623906,False,sunday
2,2025-03-30T15:01:46.625154,False,sunday
2,2025-03-30T15:01:47.625947,False,sunday
2,2025-03-30T15:01:48.626288,True,sunday
2,2025-03-30T15:01:49.626922,False,sunday
2,2025-03-30T15:01:50.627340,False,sunday
2,2025-03-30T15:01:51.627965,False,sunday
2,2025-03-30T15:01:52.628400,True,sunday
2,2025-03-30T15:01:54.629800,True,sunday
2,2025-03-30T15:01:55.630656,False,sunday
2,2025-03-30T15:01:56.631293,False,sunday
2,2025-03-30T15:01:57.632090,False,sunday
2,2025-03-30T15:01:58.632659,True,sunday
2,2025-03-30T15:01:59.633181,True,sunday
2,2025-03-30T15:02:00.633777,True,sunday
2,2025-03-30T15:02:01.634061,True,sunday
2,2025-03-30T15:02:03.635171,False,sunday
2,2025-03-30T15:02:04.635793,True,sunday
2,2025-03-30T15:02:05.636285,False,sunday
2,2025-03-30T15:02:06.636709,False,sunday
2,2025-03-30T15:02:07.637479,False,sunday
2,2025-03-30T15:02:08.637793,False,sunday
2,2025-03-30T15:02:10.639048,True,sunday
2,2025-03-30T15:02:11.640033,False,sunday
2,2025-03-30T15:02:12.640590,False,sunday
2,2025-03-30T15:02:13.640877,True,sunday
2,2025-03-30T15:02:15.642173,True,sunday
2,2025-03-30T15:02:16.642542,False,sunday
2,2025-03-30T15:02:17.643018,True,sunday
2,2025-03-30T15:02:18.643324,True,sunday
2,2025-03-30T15:02:19.644149,False,sunday
2,2025-03-30T15:02:21.645172,True,sunday
2,2025-03-30T15:02:22.645632,True,sunday
2,2025-03-30T15:02:24.647062,False,sunday
2,2025-03-30T15:02:25.647485,False,sunday
2,2025-03-30T15:02:27.648541,True,sunday
2,2025-03-30T15:02:28.649341,True,sunday
2,2025-03-30T15:02:29.649969,True,sunday
2,2025-03-30T15:02:30.650433,False,sunday
2,2025-03-30T15:02:31.650858,False,sunday
2,2025-03-30T15:02:32.652028,True,sunday
2,2025-03-30T15:02:33.652490,False,sunday
2,2025-03-30T15:02:34.652904,True,sunday
2,2025-03-30T15:02:35.653749,True,sunday
2,2025-03-30T15:02:36.654336,True,sunday
2,2025-03-30T15:02:37.655001,True,sunday
2,2025-03-30T15:02:38.655498,True,sunday
2,2025-03-30T15:02:39.656000,False,sunday
2,2025-03-30T15:02:40.656355,False,sunday
2,2025-03-30T15:02:41.657396,False,sunday
2,2025-03-30T15:02:42.658414,False,sunday
2,2025-03-30T15:02:43.659289,False,sunday
2,2025-03-30T15:02:44.659656,True,sunday
2,2025-03-30T15:02:45.659951,False,sunday
2,2025-03-30T15:02:46.660545,False,sunday
2,2025-03-30T15:02:47.661340,False,sunday
2,2025-03-30T15:02:48.662140,False,sunday
2,2025-03-30T15:02:49.662984,True,sunday
2,2025-03-30T15:02:50.663663,True,sunday
2,2025-03-30T15:02:51.664415,True,sunday
2,2025-03-30T15:02:52.665580,True,sunday
2,2025-03-30T15:02:53.666107,True,sunday
2,2025-03-30T15:02:54.666759,True,sunday
2,2025-03-30T15:02:55.667698,False,sunday
2,2025-03-30T15:02:56.668514,True,sunday
2,2025-03-30T15:02:57.669406,True,sunday
2,2025-03-30T15:02:58.670115,False,sunday
2,2025-03-30T15:02:59.670926,True,sunday
2,2025-03-30T15:03:00.671302,True,sunday
2,2025-03-30T15:03:01.671637,True,sunday
2,2025-03-30T15:03:02.672235,True,sunday
2,2025-03-30T15:03:03.672909,False,sunday
2,2025-03-30T15:03:04.673286,False,sunday
2,2025-03-30T15:03:05.674058,True,sunday
2,2025-03-30T15:03:06.675153,False,sunday
2,2025-03-30T15:03:07.675619,True,sunday
2,2025-03-30T15:03:08.676342,False,sunday
2,2025-03-30T15:03:09.676714,False,sunday
2,2025-03-30T15:03:10.677231,True,sunday
2,2025-03-30T15:03:11.677813,False,sunday
2,2025-03-30T15:03:12.678644,True,sunday
2,2025-03-30T15:03:13.679134,False,sunday
2,2025-03-30T15:03:14.679627,True,sunday
2,2025-03-30T15:03:15.680559,False,sunday
2,2025-03-30T15:03:16.681162,True,sunday
2,2025-03-30T15:03:17.681651,True,sunday
2,2025-03-30T15:03:18.681967,False,sunday
2,2025-03-30T15:03:19.682752,True,sunday
2,2025-03-30T15:03:20.683622,True,sunday
2,2025-03-30T15:03:22.684996,False,sunday
2,2025-03-30T15:03:23.685660,False,sunday
2,2025-03-30T15:03:24.686320,True,sunday
2,2025-03-30T15:03:26.687458,False,sunday
2,2025-03-30T15:03:27.687881,True,sunday
2,2025-03-30T15:03:28.688196,False,sunday
2,2025-03-30T15:03:29.688859,True,sunday
2,2025-03-30T15:03:30.689190,False,sunday
2,2025-03-30T15:03:31.689723,False,sunday
2,2025-03-30T15:03:32.690702,False,sunday
2,2025-03-30T15:03:33.691154,True,sunday
2,2025-03-30T15:03:34.691868,True,sunday
2,2025-03-30T15:03:35.692591,False,sunday
2,2025-03-30T15:03:36.693364,False,sunday
2,2025-03-30T15:03:37.693934,True,sunday
2,2025-03-30T15:03:38.694844,False,sunday
2,2025-03-30T15:03:39.695362,False,sunday
2,2025-03-30T15:03:40.695789,True,sunday
2,2025-03-30T15:03:42.696819,True,sunday
2,2025-03-30T15:03:44.698047,False,sunday
2,2025-03-30T15:03:45.698345,True,sunday
2,2025-03-30T15:03:46.698720,True,sunday
2,2025-03-30T15:03:47.699463,False,sunday
2,2025-03-30T15:03:48.700506,True,sunday
2,2025-03-30T15:03:49.701009,True,sunday
2,2025-03-30T15:03:50.701608,True,sunday
2,2025-03-30T15:03:51.702595,False,sunday
2,2025-03-30T15:03:53.703895,False,sunday
2,2025-03-30T15:03:54.704818,True,sunday
2,2025-03-30T15:03:55.705513,False,sunday
2,2025-03-30T15:03:56.706326,True,sunday
2,2025-03-30T15:03:57.707201,False,sunday
2,2025-03-30T15:03:58.708200,True,sunday
2,2025-03-30T15:03:59.708933,False,sunday
2,2025-03-30T15:04:00.709448,False,sunday
2,2025-03-30T15:04:01.710273,True,sunday
2,2025-03-30T15:04:02.711183,False,sunday
2,2025-03-30T15:04:03.712051,False,sunday
2,2025-03-30T15:04:04.712826,False,sunday
2,2025-03-30T15:04:05.713608,False,sunday
2,2025-03-30T15:04:06.714378,False,sunday
2,2025-03-30T15:04:07.715392,False,sunday
2,2025-03-30T15:04:08.716311,False,sunday
2,2025-03-30T15:04:09.717079,True,sunday
2,2025-03-30T15:04:10.717904,True,sunday
2,2025-03-30T15:04:11.718785,False,sunday
2,2025-03-30T15:04:12.719138,False,sunday
2,2025-03-30T15:04:13.719544,False,sunday
2,2025-03-30T15:04:14.720378,True,sunday
2,2025-03-30T15:04:15.720747,True,sunday
2,2025-03-30T15:04:18.723605,True,sunday
2,2025-03-30T15:04:19.724199,True,sunday
2,2025-03-30T15:04:20.725353,False,sunday
2,2025-03-30T15:04:21.726112,True,sunday
2,2025-03-30T15:04:22.726508,True,sunday
2,2025-03-30T15:04:23.727122,False,sunday
2,2025-03-30T15:04:24.727973,False,sunday
2,2025-03-30T15:04:25.728411,True,sunday
2,2025-03-30T15:04:26.729189,False,sunday
2,2025-03-30T15:04:27.729694,True,sunday
2,2025-03-30T15:04:28.731067,False,sunday
2,2025-03-30T15:04:29.731856,True,sunday
2,2025-03-30T15:04:30.732380,False,sunday
2,2025-03-30T15:04:31.732713,False,sunday
2,2025-03-30T15:04:32.733222,False,sunday
2,2025-03-30T15:04:33.733845,False,sunday
2,2025-03-30T15:04:34.734659,False,sunday
2,2025-03-30T15:04:35.735056,True,sunday
2,2025-03-30T15:04:36.735525,True,sunday
2,2025-03-30T15:04:37.736219,False,sunday
2,2025-03-30T15:04:38.736662,True,sunday
2,2025-03-30T15:04:39.737642,False,sunday
2,2025-03-30T15:04:40.737991,False,sunday
2,2025-03-30T15:04:42.739277,False,sunday
2,2025-03-30T15:04:43.739582,True,sunday
2,2025-03-30T15:04:44.740633,True,sunday
2,2025-03-30T15:04:46.742543,True,sunday
2,2025-03-30T15:04:47.743258,True,sunday
2,2025-03-30T15:04:48.743578,True,sunday
2,2025-03-30T15:04:49.744331,False,sunday
2,2025-03-30T15:04:50.744930,True,sunday
2,2025-03-30T15:04:51.745607,False,sunday
2,2025-03-30T15:04:52.745938,False,sunday
2,2025-03-30T15:04:53.746342,True,sunday
2,2025-03-30T15:04:54.747222,True,sunday
2,2025-03-30T15:04:56.748420,False,sunday
2,2025-03-30T15:04:57.749024,False,sunday
2,2025-03-30T15:04:58.749836,True,sunday
2,2025-03-30T15:04:59.750348,False,sunday
2,2025-03-30T15:05:01.752191,True,sunday
2,2025-03-30T15:05:02.752640,False,sunday
2,2025-03-30T15:05:03.753477,True,sunday
2,2025-03-30T15:05:04.754272,False,sunday
2,2025-03-30T15:05:05.754823,False,sunday
2,2025-03-30T15:05:06.755425,True,sunday
2,2025-03-30T15:05:07.756119,False,sunday
2,2025-03-30T15:05:08.757336,True,sunday
2,2025-03-30T15:05:09.758470,True,sunday
2,2025-03-30T15:05:10.758805,True,sunday
2,2025-03-30T15:05:11.759158,False,sunday
2,2025-03-30T15:05:13.760290,False,sunday
2,2025-03-30T15:05:14.760948,True,sunday
2,2025-03-30T15:05:15.761826,False,sunday
2,2025-03-30T15:05:16.762707,False,sunday
2,2025-03-30T15:05:17.763355,True,sunday
2,2025-03-30T15:05:18.763915,False,sunday
2,2025-03-30T15:05:19.764645,False,sunday
2,2025-03-30T15:05:20.765622,True,sunday
2,2025-03-30T15:05:21.766530,False,sunday
2,2025-03-30T15:05:22.767444,True,sunday
2,2025-03-30T15:05:23.768231,False,sunday
2,2025-03-30T15:05:24.768870,True,sunday
2,2025-03-30T15:05:25.769832,False,sunday
2,2025-03-30T15:05:27.771623,False,sunday
2,2025-03-30T15:05:28.772366,False,sunday
2,2025-03-30T15:05:29.772901,True,sunday
2,2025-03-30T15:05:30.773411,True,sunday
2,2025-03-30T15:05:32.775085,False,sunday
2,2025-03-30T15:05:33.775775,True,sunday
2,2025-03-30T15:05:34.776498,True,sunday
2,2025-03-30T15:05:35.777448,False,sunday
2,2025-03-30T15:05:36.778249,True,sunday
2,2025-03-30T15:05:37.779419,True,sunday
2,2025-03-30T15:05:38.780277,False,sunday
2,2025-03-30T15:05:39.781263,False,sunday
2,2025-03-30T15:05:40.781715,True,sunday
2,2025-03-30T15:05:41.782380,False,sunday
2,2025-03-30T15:05:42.783295,False,sunday
2,2025-03-30T15:05:43.783950,True,sunday
2,2025-03-30T15:05:44.784507,False,sunday
2,2025-03-30T15:05:45.785312,False,sunday
2,2025-03-30T15:05:46.785644,True,sunday
2,2025-03-30T15:05:47.786181,False,sunday
2,2025-03-30T15:05:48.786612,True,sunday
2,2025-03-30T15:05:49.787294,True,sunday
2,2025-03-30T15:05:50.788932,True,sunday
2,2025-03-30T15:05:51.789936,False,sunday
2,2025-03-30T15:05:52.790849,False,sunday
2,2025-03-30T15:05:53.791369,True,sunday
2,2025-03-30T15:05:54.792058,True,sunday
2,2025-03-30T15:05:55.792761,False,sunday
2,2025-03-30T15:05:56.793162,True,sunday
2,2025-03-30T15:05:57.793868,False,sunday
2,2025-03-30T15:05:58.794655,True,sunday
2,2025-03-30T15:06:00.796240,False,sunday
2,2025-03-30T15:06:01.796933,True,sunday
2,2025-03-30T15:06:04.798437,True,sunday
2,2025-03-30T15:06:05.798787,True,sunday
2,2025-03-30T15:06:06.799306,False,sunday
2,2025-03-30T15:06:07.799604,True,sunday
2,2025-03-30T15:06:08.800168,False,sunday
2,2025-03-30T15:06:09.800787,True,sunday
2,2025-03-30T15:06:11.801969,False,sunday
2,2025-03-30T15:06:12.802437,False,sunday
2,2025-03-30T15:06:13.803226,False,sunday
2,2025-03-30T15:06:14.804233,True,sunday
2,2025-03-30T15:06:15.804670,True,sunday
2,2025-03-30T15:06:16.805086,False,sunday
2,2025-03-30T15:06:17.806466,False,sunday
2,2025-03-30T15:06:18.807071,False,sunday
2,2025-03-30T15:06:19.807736,False,sunday
2,2025-03-30T15:06:20.808659,True,sunday
2,2025-03-30T15:06:21.809199,False,sunday
2,2025-03-30T15:06:22.810129,False,sunday
2,2025-03-30T15:06:23.810988,True,sunday
2,2025-03-30T15:06:24.811320,False,sunday
2,2025-03-30T15:06:25.811654,True,sunday
2,2025-03-30T15:06:26.812692,False,sunday
2,2025-03-30T15:06:27.814050,False,sunday
2,2025-03-30T15:06:29.815611,False,sunday
2,2025-03-30T15:06:30.816799,True,sunday
2,2025-03-30T15:06:32.817970,False,sunday
2,2025-03-30T15:06:33.818840,True,sunday
2,2025-03-30T15:06:34.819600,True,sunday
2,2025-03-30T15:06:35.820357,True,sunday
2,2025-03-30T15:06:36.821201,False,sunday
2,2025-03-30T15:06:37.822350,False,sunday
2,2025-03-30T15:06:38.823096,True,sunday
2,2025-03-30T15:06:39.823572,False,sunday
2,2025-03-30T15:06:40.824505,True,sunday
2,2025-03-30T15:06:41.825163,False,sunday
2,2025-03-30T15:06:42.825864,True,sunday
2,2025-03-30T15:06:43.826142,True,sunday
2,2025-03-30T15:06:44.826777,False,sunday
2,2025-03-30T15:06:45.827489,False,sunday
2,2025-03-30T15:06:46.828770,True,sunday
2,2025-03-30T15:06:47.829272,False,sunday
2,2025-03-30T15:06:48.830176,False,sunday
2,2025-03-30T15:06:49.831122,False,sunday
2,2025-03-30T15:06:50.831616,False,sunday
2,2025-03-30T15:06:51.832254,True,sunday
2,2025-03-30T15:06:52.832513,False,sunday
2,2025-03-30T15:06:53.832983,False,sunday
2,2025-03-30T15:06:54.833308,True,sunday
2,2025-03-30T15:06:55.834377,True,sunday
2,2025-03-30T15:06:56.834963,False,sunday
2,2025-03-30T15:06:57.836104,True,sunday
2,2025-03-30T15:06:58.836521,False,sunday
2,2025-03-30T15:06:59.836951,True,sunday
2,2025-03-30T15:07:00.837934,True,sunday
2,2025-03-30T15:07:04.840143,False,sunday
2,2025-03-30T15:07:05.840937,True,sunday
2,2025-03-30T15:07:07.841924,True,sunday
2,2025-03-30T15:07:08.842506,False,sunday
2,2025-03-30T15:07:09.843104,True,sunday
2,2025-03-30T15:07:10.843639,False,sunday
2,2025-03-30T15:07:11.844224,False,sunday
2,2025-03-30T15:07:12.844943,True,sunday
2,2025-03-30T15:07:13.845576,False,sunday
2,2025-03-30T15:07:14.846383,True,sunday
2,2025-03-30T15:07:15.846880,True,sunday
2,2025-03-30T15:07:16.847202,False,sunday
2,2025-03-30T15:07:17.847811,True,sunday
2,2025-03-30T15:07:18.848596,True,sunday
2,2025-03-30T15:07:19.849221,False,sunday
2,2025-03-30T15:07:20.849620,False,sunday
2,2025-03-30T15:07:21.850205,True,sunday
2,2025-03-30T15:07:22.851191,False,sunday
2,2025-03-30T15:07:24.852730,False,sunday
2,2025-03-30T15:07:25.853345,True,sunday
2,2025-03-30T15:07:26.853852,False,sunday
2,2025-03-30T15:07:27.854269,False,sunday
2,2025-03-30T15:07:28.854675,True,sunday
2,2025-03-30T15:07:29.855521,True,sunday
2,2025-03-30T15:07:30.856303,True,sunday
2,2025-03-30T15:07:31.857575,True,sunday
2,2025-03-30T15:07:32.858127,True,sunday
2,2025-03-30T15:07:33.858984,True,sunday
2,2025-03-30T15:07:34.859913,False,sunday
2,2025-03-30T15:07:35.860395,False,sunday
2,2025-03-30T15:07:36.861114,True,sunday
2,2025-03-30T15:07:37.861655,True,sunday
2,2025-03-30T15:07:38.862937,False,sunday
2,2025-03-30T15:07:39.863312,True,sunday
2,2025-03-30T15:07:40.864036,False,sunday
2,2025-03-30T15:07:41.864987,False,sunday
2,2025-03-30T15:07:42.865876,True,sunday
2,2025-03-30T15:07:43.866397,False,sunday
2,2025-03-30T15:07:44.867407,True,sunday
2,2025-03-30T15:07:45.868342,True,sunday
2,2025-03-30T15:07:46.868894,False,sunday
2,2025-03-30T15:07:47.869299,True,sunday
2,2025-03-30T15:07:48.869632,True,sunday
2,2025-03-30T15:07:49.870362,True,sunday
2,2025-03-30T15:07:50.871637,True,sunday
2,2025-03-30T15:07:51.873148,False,sunday
2,2025-03-30T15:07:52.873620,True,sunday
2,2025-03-30T15:07:53.874370,True,sunday
2,2025-03-30T15:07:54.875149,True,sunday
2,2025-03-30T15:07:55.875542,True,sunday
2,2025-03-30T15:07:56.876153,True,sunday
2,2025-03-30T15:07:57.876536,False,sunday
2,2025-03-30T15:07:58.876828,False,sunday
2,2025-03-30T15:07:59.877468,False,sunday
2,2025-03-30T15:08:01.878988,False,sunday
2,2025-03-30T15:08:02.879792,True,sunday
2,2025-03-30T15:08:03.880635,True,sunday
2,2025-03-30T15:08:04.881043,True,sunday
2,2025-03-30T15:08:05.881350,True,sunday
2,2025-03-30T15:08:06.881995,True,sunday
2,2025-03-30T15:08:07.882292,True,sunday
2,2025-03-30T15:08:08.882746,False,sunday
2,2025-03-30T15:08:09.883325,True,sunday
2,2025-03-30T15:08:10.883900,True,sunday
2,2025-03-30T15:08:11.884763,False,sunday
2,2025-03-30T15:08:13.885571,False,sunday
2,2025-03-30T15:08:14.886319,True,sunday
2,2025-03-30T15:08:15.887140,True,sunday
2,2025-03-30T15:08:16.887793,False,sunday
2,2025-03-30T15:08:17.888467,False,sunday
2,2025-03-30T15:08:18.888985,True,sunday
2,2025-03-30T15:08:20.890251,False,sunday
2,2025-03-30T15:08:21.891074,False,sunday
2,2025-03-30T15:08:22.891436,False,sunday
2,2025-03-30T15:08:23.892148,False,sunday
2,2025-03-30T15:08:24.892459,True,sunday
2,2025-03-30T15:08:27.894362,True,sunday
2,2025-03-30T15:08:28.895012,True,sunday
2,2025-03-30T15:08:29.895746,True,sunday
2,2025-03-30T15:08:30.896123,True,sunday
2,2025-03-30T15:08:31.896786,True,sunday
2,2025-03-30T15:08:32.897509,False,sunday
2,2025-03-30T15:08:33.897806,False,sunday
2,2025-03-30T15:08:34.898254,False,sunday
2,2025-03-30T15:08:38.900884,False,sunday
2,2025-03-30T15:08:39.901402,True,sunday
2,2025-03-30T15:08:42.903076,True,sunday
2,2025-03-30T15:08:43.903714,False,sunday
2,2025-03-30T15:08:44.904340,True,sunday
2,2025-03-30T15:08:45.905090,True,sunday
2,2025-03-30T15:08:46.906205,False,sunday
2,2025-03-30T15:08:47.906976,True,sunday
2,2025-03-30T15:08:48.907827,False,sunday
2,2025-03-30T15:08:49.909186,True,sunday
2,2025-03-30T15:08:50.909779,True,sunday
2,2025-03-30T15:08:51.910937,True,sunday
2,2025-03-30T15:08:52.911673,True,sunday
2,2025-03-30T15:08:53.912658,True,sunday
2,2025-03-30T15:08:55.914562,True,sunday
2,2025-03-30T15:08:56.915306,True,sunday
2,2025-03-30T15:08:57.916075,True,sunday
2,2025-03-30T15:08:58.916975,True,sunday
2,2025-03-30T15:08:59.917765,True,sunday
2,2025-03-30T15:09:00.918394,True,sunday
2,2025-03-30T15:09:01.918703,False,sunday
2,2025-03-30T15:09:02.919435,False,sunday
2,2025-03-30T15:09:03.920435,True,sunday
2,2025-03-30T15:09:04.921227,False,sunday
2,2025-03-30T15:09:05.922690,False,sunday
2,2025-03-30T15:09:07.924050,True,sunday